task,profile,family,group,topology,mode,hidden,heads,head_dim,variant,base_rank,rank_multiplier,actual_M,unique_depth,executed_depth,total_parameters,trainable_parameters,backbone_parameters,router_parameters,batch_size,epochs,lr,mlp_ratio,unified_pos,ref,matrix_macs_B1
airfoil,paper_table8_on_release_model,linearno,base_depth8,independent_L8,native_residual,128,8,16,conv_temp,64,1,64,8,8,1765889,1765889,1765889,0,4,500,0.001,1,False,8,22720893312
airfoil,paper_table8_on_release_model,linearno_loop,base_depth8,p1_c3_r2_s1,sr_1_over_r,128,8,16,conv_temp,64,1,64,5,8,1116497,1116497,1116497,0,4,500,0.001,1,False,8,22720893312
airfoil,paper_table8_on_release_model,linearno_loop,base_depth8,p1_c3_r2_s1,rb_attnres,128,8,16,conv_temp,64,1,64,5,8,1119825,1119825,1116497,3328,4,500,0.001,1,False,8,22720893312
airfoil,paper_table8_on_release_model,linearno_loop,base_depth8,p1_c3_r2_s1,lb_attnres_1_over_r,128,8,16,conv_temp,64,1,64,5,8,1117009,1117009,1116497,512,4,500,0.001,1,False,8,22720893312
airfoil,paper_table8_on_release_model,linearno_loop,base_depth8,p2_c2_r2_s2,sr_1_over_r,128,8,16,conv_temp,64,1,64,6,8,1332961,1332961,1332961,0,4,500,0.001,1,False,8,22720893312
airfoil,paper_table8_on_release_model,linearno_loop,base_depth8,p2_c2_r2_s2,rb_attnres,128,8,16,conv_temp,64,1,64,6,8,1335265,1335265,1332961,2304,4,500,0.001,1,False,8,22720893312
airfoil,paper_table8_on_release_model,linearno_loop,base_depth8,p2_c2_r2_s2,lb_attnres_1_over_r,128,8,16,conv_temp,64,1,64,6,8,1333473,1333473,1332961,512,4,500,0.001,1,False,8,22720893312
airfoil,paper_table8_on_release_model,linearno,base_depth8,independent_L8,native_residual,128,8,16,conv_temp,64,2,128,8,8,1782273,1782273,1782273,0,4,500,0.001,1,False,8,25675518336
airfoil,paper_table8_on_release_model,linearno_loop,base_depth8,p1_c3_r2_s1,sr_1_over_r,128,8,16,conv_temp,64,2,128,5,8,1126737,1126737,1126737,0,4,500,0.001,1,False,8,25675518336
airfoil,paper_table8_on_release_model,linearno_loop,base_depth8,p1_c3_r2_s1,rb_attnres,128,8,16,conv_temp,64,2,128,5,8,1130065,1130065,1126737,3328,4,500,0.001,1,False,8,25675518336
airfoil,paper_table8_on_release_model,linearno_loop,base_depth8,p1_c3_r2_s1,lb_attnres_1_over_r,128,8,16,conv_temp,64,2,128,5,8,1127249,1127249,1126737,512,4,500,0.001,1,False,8,25675518336
airfoil,paper_table8_on_release_model,linearno_loop,base_depth8,p2_c2_r2_s2,sr_1_over_r,128,8,16,conv_temp,64,2,128,6,8,1345249,1345249,1345249,0,4,500,0.001,1,False,8,25675518336
airfoil,paper_table8_on_release_model,linearno_loop,base_depth8,p2_c2_r2_s2,rb_attnres,128,8,16,conv_temp,64,2,128,6,8,1347553,1347553,1345249,2304,4,500,0.001,1,False,8,25675518336
airfoil,paper_table8_on_release_model,linearno_loop,base_depth8,p2_c2_r2_s2,lb_attnres_1_over_r,128,8,16,conv_temp,64,2,128,6,8,1345761,1345761,1345249,512,4,500,0.001,1,False,8,25675518336
airfoil,paper_table8_on_release_model,linearno,depth_extension,independent_L16,native_residual,128,8,16,conv_temp,64,1,64,16,16,3497601,3497601,3497601,0,4,500,0.001,1,False,8,45065245056
airfoil,paper_table8_on_release_model,linearno_loop,depth_extension,p1_c7_r2_s1,sr_1_over_r,128,8,16,conv_temp,64,1,64,9,16,1982353,1982353,1982353,0,4,500,0.001,1,False,8,45065245056
airfoil,paper_table8_on_release_model,linearno_loop,depth_extension,p1_c7_r2_s1,rb_attnres,128,8,16,conv_temp,64,1,64,9,16,1989777,1989777,1982353,7424,4,500,0.001,1,False,8,45065245056
airfoil,paper_table8_on_release_model,linearno_loop,depth_extension,p1_c7_r2_s1,lb_attnres_1_over_r,128,8,16,conv_temp,64,1,64,9,16,1982865,1982865,1982353,512,4,500,0.001,1,False,8,45065245056
airfoil,paper_table8_on_release_model,linearno_loop,depth_extension,p2_c6_r2_s2,sr_1_over_r,128,8,16,conv_temp,64,1,64,10,16,2198817,2198817,2198817,0,4,500,0.001,1,False,8,45065245056
airfoil,paper_table8_on_release_model,linearno_loop,depth_extension,p2_c6_r2_s2,rb_attnres,128,8,16,conv_temp,64,1,64,10,16,2205217,2205217,2198817,6400,4,500,0.001,1,False,8,45065245056
airfoil,paper_table8_on_release_model,linearno_loop,depth_extension,p2_c6_r2_s2,lb_attnres_1_over_r,128,8,16,conv_temp,64,1,64,10,16,2199329,2199329,2198817,512,4,500,0.001,1,False,8,45065245056
airfoil,paper_table8_on_release_model,linearno,depth_extension,independent_L16,native_residual,128,8,16,conv_temp,64,2,128,16,16,3530369,3530369,3530369,0,4,500,0.001,1,False,8,50974495104
airfoil,paper_table8_on_release_model,linearno_loop,depth_extension,p1_c7_r2_s1,sr_1_over_r,128,8,16,conv_temp,64,2,128,9,16,2000785,2000785,2000785,0,4,500,0.001,1,False,8,50974495104
airfoil,paper_table8_on_release_model,linearno_loop,depth_extension,p1_c7_r2_s1,rb_attnres,128,8,16,conv_temp,64,2,128,9,16,2008209,2008209,2000785,7424,4,500,0.001,1,False,8,50974495104
airfoil,paper_table8_on_release_model,linearno_loop,depth_extension,p1_c7_r2_s1,lb_attnres_1_over_r,128,8,16,conv_temp,64,2,128,9,16,2001297,2001297,2000785,512,4,500,0.001,1,False,8,50974495104
airfoil,paper_table8_on_release_model,linearno_loop,depth_extension,p2_c6_r2_s2,sr_1_over_r,128,8,16,conv_temp,64,2,128,10,16,2219297,2219297,2219297,0,4,500,0.001,1,False,8,50974495104
airfoil,paper_table8_on_release_model,linearno_loop,depth_extension,p2_c6_r2_s2,rb_attnres,128,8,16,conv_temp,64,2,128,10,16,2225697,2225697,2219297,6400,4,500,0.001,1,False,8,50974495104
airfoil,paper_table8_on_release_model,linearno_loop,depth_extension,p2_c6_r2_s2,lb_attnres_1_over_r,128,8,16,conv_temp,64,2,128,10,16,2219809,2219809,2219297,512,4,500,0.001,1,False,8,50974495104
airfoil,paper_table8_on_release_model,linearno,depth_extension,independent_L24,native_residual,128,8,16,conv_temp,64,1,64,24,24,5229313,5229313,5229313,0,4,500,0.001,1,False,8,67409596800
airfoil,paper_table8_on_release_model,linearno_loop,depth_extension,p1_c11_r2_s1,sr_1_over_r,128,8,16,conv_temp,64,1,64,13,24,2848209,2848209,2848209,0,4,500,0.001,1,False,8,67409596800
airfoil,paper_table8_on_release_model,linearno_loop,depth_extension,p1_c11_r2_s1,rb_attnres,128,8,16,conv_temp,64,1,64,13,24,2859729,2859729,2848209,11520,4,500,0.001,1,False,8,67409596800
airfoil,paper_table8_on_release_model,linearno_loop,depth_extension,p1_c11_r2_s1,lb_attnres_1_over_r,128,8,16,conv_temp,64,1,64,13,24,2848721,2848721,2848209,512,4,500,0.001,1,False,8,67409596800
airfoil,paper_table8_on_release_model,linearno_loop,depth_extension,p2_c10_r2_s2,sr_1_over_r,128,8,16,conv_temp,64,1,64,14,24,3064673,3064673,3064673,0,4,500,0.001,1,False,8,67409596800
airfoil,paper_table8_on_release_model,linearno_loop,depth_extension,p2_c10_r2_s2,rb_attnres,128,8,16,conv_temp,64,1,64,14,24,3075169,3075169,3064673,10496,4,500,0.001,1,False,8,67409596800
airfoil,paper_table8_on_release_model,linearno_loop,depth_extension,p2_c10_r2_s2,lb_attnres_1_over_r,128,8,16,conv_temp,64,1,64,14,24,3065185,3065185,3064673,512,4,500,0.001,1,False,8,67409596800
airfoil,paper_table8_on_release_model,linearno,depth_extension,independent_L24,native_residual,128,8,16,conv_temp,64,2,128,24,24,5278465,5278465,5278465,0,4,500,0.001,1,False,8,76273471872
airfoil,paper_table8_on_release_model,linearno_loop,depth_extension,p1_c11_r2_s1,sr_1_over_r,128,8,16,conv_temp,64,2,128,13,24,2874833,2874833,2874833,0,4,500,0.001,1,False,8,76273471872
airfoil,paper_table8_on_release_model,linearno_loop,depth_extension,p1_c11_r2_s1,rb_attnres,128,8,16,conv_temp,64,2,128,13,24,2886353,2886353,2874833,11520,4,500,0.001,1,False,8,76273471872
airfoil,paper_table8_on_release_model,linearno_loop,depth_extension,p1_c11_r2_s1,lb_attnres_1_over_r,128,8,16,conv_temp,64,2,128,13,24,2875345,2875345,2874833,512,4,500,0.001,1,False,8,76273471872
airfoil,paper_table8_on_release_model,linearno_loop,depth_extension,p2_c10_r2_s2,sr_1_over_r,128,8,16,conv_temp,64,2,128,14,24,3093345,3093345,3093345,0,4,500,0.001,1,False,8,76273471872
airfoil,paper_table8_on_release_model,linearno_loop,depth_extension,p2_c10_r2_s2,rb_attnres,128,8,16,conv_temp,64,2,128,14,24,3103841,3103841,3093345,10496,4,500,0.001,1,False,8,76273471872
airfoil,paper_table8_on_release_model,linearno_loop,depth_extension,p2_c10_r2_s2,lb_attnres_1_over_r,128,8,16,conv_temp,64,2,128,14,24,3093857,3093857,3093345,512,4,500,0.001,1,False,8,76273471872
airfoil,paper_table8_on_release_model,linearno,depth_extension,independent_L32,native_residual,128,8,16,conv_temp,64,1,64,32,32,6961025,6961025,6961025,0,4,500,0.001,1,False,8,89753948544
airfoil,paper_table8_on_release_model,linearno_loop,depth_extension,p1_c15_r2_s1,sr_1_over_r,128,8,16,conv_temp,64,1,64,17,32,3714065,3714065,3714065,0,4,500,0.001,1,False,8,89753948544
airfoil,paper_table8_on_release_model,linearno_loop,depth_extension,p1_c15_r2_s1,rb_attnres,128,8,16,conv_temp,64,1,64,17,32,3729681,3729681,3714065,15616,4,500,0.001,1,False,8,89753948544
airfoil,paper_table8_on_release_model,linearno_loop,depth_extension,p1_c15_r2_s1,lb_attnres_1_over_r,128,8,16,conv_temp,64,1,64,17,32,3714577,3714577,3714065,512,4,500,0.001,1,False,8,89753948544
airfoil,paper_table8_on_release_model,linearno_loop,depth_extension,p2_c14_r2_s2,sr_1_over_r,128,8,16,conv_temp,64,1,64,18,32,3930529,3930529,3930529,0,4,500,0.001,1,False,8,89753948544
airfoil,paper_table8_on_release_model,linearno_loop,depth_extension,p2_c14_r2_s2,rb_attnres,128,8,16,conv_temp,64,1,64,18,32,3945121,3945121,3930529,14592,4,500,0.001,1,False,8,89753948544
airfoil,paper_table8_on_release_model,linearno_loop,depth_extension,p2_c14_r2_s2,lb_attnres_1_over_r,128,8,16,conv_temp,64,1,64,18,32,3931041,3931041,3930529,512,4,500,0.001,1,False,8,89753948544
airfoil,paper_table8_on_release_model,linearno,depth_extension,independent_L32,native_residual,128,8,16,conv_temp,64,2,128,32,32,7026561,7026561,7026561,0,4,500,0.001,1,False,8,101572448640
airfoil,paper_table8_on_release_model,linearno_loop,depth_extension,p1_c15_r2_s1,sr_1_over_r,128,8,16,conv_temp,64,2,128,17,32,3748881,3748881,3748881,0,4,500,0.001,1,False,8,101572448640
airfoil,paper_table8_on_release_model,linearno_loop,depth_extension,p1_c15_r2_s1,rb_attnres,128,8,16,conv_temp,64,2,128,17,32,3764497,3764497,3748881,15616,4,500,0.001,1,False,8,101572448640
airfoil,paper_table8_on_release_model,linearno_loop,depth_extension,p1_c15_r2_s1,lb_attnres_1_over_r,128,8,16,conv_temp,64,2,128,17,32,3749393,3749393,3748881,512,4,500,0.001,1,False,8,101572448640
airfoil,paper_table8_on_release_model,linearno_loop,depth_extension,p2_c14_r2_s2,sr_1_over_r,128,8,16,conv_temp,64,2,128,18,32,3967393,3967393,3967393,0,4,500,0.001,1,False,8,101572448640
airfoil,paper_table8_on_release_model,linearno_loop,depth_extension,p2_c14_r2_s2,rb_attnres,128,8,16,conv_temp,64,2,128,18,32,3981985,3981985,3967393,14592,4,500,0.001,1,False,8,101572448640
airfoil,paper_table8_on_release_model,linearno_loop,depth_extension,p2_c14_r2_s2,lb_attnres_1_over_r,128,8,16,conv_temp,64,2,128,18,32,3967905,3967905,3967393,512,4,500,0.001,1,False,8,101572448640
airfoil,paper_table8_on_release_model,linearno_loop,custom_topology_control,p0_c2_r3_s1,sr_1_over_r,128,8,16,conv_temp,64,1,64,3,7,683569,683569,683569,0,4,500,0.001,1,False,8,19927849344
airfoil,paper_table8_on_release_model,linearno_loop,custom_topology_control,p0_c2_r3_s1,rb_attnres,128,8,16,conv_temp,64,1,64,3,7,686897,686897,683569,3328,4,500,0.001,1,False,8,19927849344
airfoil,paper_table8_on_release_model,linearno_loop,custom_topology_control,p0_c2_r3_s1,lb_attnres_1_over_r,128,8,16,conv_temp,64,1,64,3,7,684337,684337,683569,768,4,500,0.001,1,False,8,19927849344
airfoil,paper_table8_on_release_model,linearno_loop,custom_topology_control,p0_c2_r3_s1,sr_1_over_r,128,8,16,conv_temp,64,2,128,3,7,689713,689713,689713,0,4,500,0.001,1,False,8,22513146240
airfoil,paper_table8_on_release_model,linearno_loop,custom_topology_control,p0_c2_r3_s1,rb_attnres,128,8,16,conv_temp,64,2,128,3,7,693041,693041,689713,3328,4,500,0.001,1,False,8,22513146240
airfoil,paper_table8_on_release_model,linearno_loop,custom_topology_control,p0_c2_r3_s1,lb_attnres_1_over_r,128,8,16,conv_temp,64,2,128,3,7,690481,690481,689713,768,4,500,0.001,1,False,8,22513146240
airfoil,official_release,linearno,base_depth8,independent_L8,native_residual,128,8,16,conv_temp,64,1,64,8,8,1765889,1765889,1765889,0,4,500,0.001,1,False,8,22720893312
airfoil,official_release,linearno_loop,base_depth8,p1_c3_r2_s1,sr_1_over_r,128,8,16,conv_temp,64,1,64,5,8,1116497,1116497,1116497,0,4,500,0.001,1,False,8,22720893312
airfoil,official_release,linearno_loop,base_depth8,p1_c3_r2_s1,rb_attnres,128,8,16,conv_temp,64,1,64,5,8,1119825,1119825,1116497,3328,4,500,0.001,1,False,8,22720893312
airfoil,official_release,linearno_loop,base_depth8,p1_c3_r2_s1,lb_attnres_1_over_r,128,8,16,conv_temp,64,1,64,5,8,1117009,1117009,1116497,512,4,500,0.001,1,False,8,22720893312
airfoil,official_release,linearno_loop,base_depth8,p2_c2_r2_s2,sr_1_over_r,128,8,16,conv_temp,64,1,64,6,8,1332961,1332961,1332961,0,4,500,0.001,1,False,8,22720893312
airfoil,official_release,linearno_loop,base_depth8,p2_c2_r2_s2,rb_attnres,128,8,16,conv_temp,64,1,64,6,8,1335265,1335265,1332961,2304,4,500,0.001,1,False,8,22720893312
airfoil,official_release,linearno_loop,base_depth8,p2_c2_r2_s2,lb_attnres_1_over_r,128,8,16,conv_temp,64,1,64,6,8,1333473,1333473,1332961,512,4,500,0.001,1,False,8,22720893312
airfoil,official_release,linearno,base_depth8,independent_L8,native_residual,128,8,16,conv_temp,64,2,128,8,8,1782273,1782273,1782273,0,4,500,0.001,1,False,8,25675518336
airfoil,official_release,linearno_loop,base_depth8,p1_c3_r2_s1,sr_1_over_r,128,8,16,conv_temp,64,2,128,5,8,1126737,1126737,1126737,0,4,500,0.001,1,False,8,25675518336
airfoil,official_release,linearno_loop,base_depth8,p1_c3_r2_s1,rb_attnres,128,8,16,conv_temp,64,2,128,5,8,1130065,1130065,1126737,3328,4,500,0.001,1,False,8,25675518336
airfoil,official_release,linearno_loop,base_depth8,p1_c3_r2_s1,lb_attnres_1_over_r,128,8,16,conv_temp,64,2,128,5,8,1127249,1127249,1126737,512,4,500,0.001,1,False,8,25675518336
airfoil,official_release,linearno_loop,base_depth8,p2_c2_r2_s2,sr_1_over_r,128,8,16,conv_temp,64,2,128,6,8,1345249,1345249,1345249,0,4,500,0.001,1,False,8,25675518336
airfoil,official_release,linearno_loop,base_depth8,p2_c2_r2_s2,rb_attnres,128,8,16,conv_temp,64,2,128,6,8,1347553,1347553,1345249,2304,4,500,0.001,1,False,8,25675518336
airfoil,official_release,linearno_loop,base_depth8,p2_c2_r2_s2,lb_attnres_1_over_r,128,8,16,conv_temp,64,2,128,6,8,1345761,1345761,1345249,512,4,500,0.001,1,False,8,25675518336
airfoil,transolver_matched,linearno,base_depth8,independent_L8,native_residual,128,8,16,conv_temp,64,1,64,8,8,1765889,1765889,1765889,0,4,500,0.001,1,False,8,22720893312
airfoil,transolver_matched,linearno_loop,base_depth8,p1_c3_r2_s1,sr_1_over_r,128,8,16,conv_temp,64,1,64,5,8,1116497,1116497,1116497,0,4,500,0.001,1,False,8,22720893312
airfoil,transolver_matched,linearno_loop,base_depth8,p1_c3_r2_s1,rb_attnres,128,8,16,conv_temp,64,1,64,5,8,1119825,1119825,1116497,3328,4,500,0.001,1,False,8,22720893312
airfoil,transolver_matched,linearno_loop,base_depth8,p1_c3_r2_s1,lb_attnres_1_over_r,128,8,16,conv_temp,64,1,64,5,8,1117009,1117009,1116497,512,4,500,0.001,1,False,8,22720893312
airfoil,transolver_matched,linearno_loop,base_depth8,p2_c2_r2_s2,sr_1_over_r,128,8,16,conv_temp,64,1,64,6,8,1332961,1332961,1332961,0,4,500,0.001,1,False,8,22720893312
airfoil,transolver_matched,linearno_loop,base_depth8,p2_c2_r2_s2,rb_attnres,128,8,16,conv_temp,64,1,64,6,8,1335265,1335265,1332961,2304,4,500,0.001,1,False,8,22720893312
airfoil,transolver_matched,linearno_loop,base_depth8,p2_c2_r2_s2,lb_attnres_1_over_r,128,8,16,conv_temp,64,1,64,6,8,1333473,1333473,1332961,512,4,500,0.001,1,False,8,22720893312
airfoil,transolver_matched,linearno,base_depth8,independent_L8,native_residual,128,8,16,conv_temp,64,2,128,8,8,1782273,1782273,1782273,0,4,500,0.001,1,False,8,25675518336
airfoil,transolver_matched,linearno_loop,base_depth8,p1_c3_r2_s1,sr_1_over_r,128,8,16,conv_temp,64,2,128,5,8,1126737,1126737,1126737,0,4,500,0.001,1,False,8,25675518336
airfoil,transolver_matched,linearno_loop,base_depth8,p1_c3_r2_s1,rb_attnres,128,8,16,conv_temp,64,2,128,5,8,1130065,1130065,1126737,3328,4,500,0.001,1,False,8,25675518336
airfoil,transolver_matched,linearno_loop,base_depth8,p1_c3_r2_s1,lb_attnres_1_over_r,128,8,16,conv_temp,64,2,128,5,8,1127249,1127249,1126737,512,4,500,0.001,1,False,8,25675518336
airfoil,transolver_matched,linearno_loop,base_depth8,p2_c2_r2_s2,sr_1_over_r,128,8,16,conv_temp,64,2,128,6,8,1345249,1345249,1345249,0,4,500,0.001,1,False,8,25675518336
airfoil,transolver_matched,linearno_loop,base_depth8,p2_c2_r2_s2,rb_attnres,128,8,16,conv_temp,64,2,128,6,8,1347553,1347553,1345249,2304,4,500,0.001,1,False,8,25675518336
airfoil,transolver_matched,linearno_loop,base_depth8,p2_c2_r2_s2,lb_attnres_1_over_r,128,8,16,conv_temp,64,2,128,6,8,1345761,1345761,1345249,512,4,500,0.001,1,False,8,25675518336
airfoil,transolver_original,transolver,base_depth8,independent_L8,native_residual,128,8,16,Physics_Attention_Structured_Mesh_2D,64,1,64,8,8,2810817,2810817,2810817,0,4,500,0.001,1,False,8,33627607424
airfoil,transolver_original,transolver,base_depth8,independent_L8,native_residual,128,8,16,Physics_Attention_Structured_Mesh_2D,64,2,128,8,8,2819521,2819521,2819521,0,4,500,0.001,1,False,8,35871887744
airfoil,transolver_original,transolver,depth_extension,independent_L16,native_residual,128,8,16,Physics_Attention_Structured_Mesh_2D,64,1,64,16,16,5587457,5587457,5587457,0,4,500,0.001,1,False,8,66878673280
airfoil,transolver_original,transolver,depth_extension,independent_L16,native_residual,128,8,16,Physics_Attention_Structured_Mesh_2D,64,2,128,16,16,5604865,5604865,5604865,0,4,500,0.001,1,False,8,71367233920
airfoil,transolver_original,transolver,depth_extension,independent_L24,native_residual,128,8,16,Physics_Attention_Structured_Mesh_2D,64,1,64,24,24,8364097,8364097,8364097,0,4,500,0.001,1,False,8,100129739136
airfoil,transolver_original,transolver,depth_extension,independent_L24,native_residual,128,8,16,Physics_Attention_Structured_Mesh_2D,64,2,128,24,24,8390209,8390209,8390209,0,4,500,0.001,1,False,8,106862580096
airfoil,transolver_original,transolver,depth_extension,independent_L32,native_residual,128,8,16,Physics_Attention_Structured_Mesh_2D,64,1,64,32,32,11140737,11140737,11140737,0,4,500,0.001,1,False,8,133380804992
airfoil,transolver_original,transolver,depth_extension,independent_L32,native_residual,128,8,16,Physics_Attention_Structured_Mesh_2D,64,2,128,32,32,11175553,11175553,11175553,0,4,500,0.001,1,False,8,142357926272
darcy,paper_table8_on_release_model,linearno,base_depth8,independent_L8,native_residual,128,8,16,conv_temp,64,1,64,8,8,1766145,1766145,1766145,0,4,500,0.001,1,False,8,14566524800
darcy,paper_table8_on_release_model,linearno_loop,base_depth8,p1_c3_r2_s1,sr_1_over_r,128,8,16,conv_temp,64,1,64,5,8,1116753,1116753,1116753,0,4,500,0.001,1,False,8,14566524800
darcy,paper_table8_on_release_model,linearno_loop,base_depth8,p1_c3_r2_s1,rb_attnres,128,8,16,conv_temp,64,1,64,5,8,1120081,1120081,1116753,3328,4,500,0.001,1,False,8,14566524800
darcy,paper_table8_on_release_model,linearno_loop,base_depth8,p1_c3_r2_s1,lb_attnres_1_over_r,128,8,16,conv_temp,64,1,64,5,8,1117265,1117265,1116753,512,4,500,0.001,1,False,8,14566524800
darcy,paper_table8_on_release_model,linearno_loop,base_depth8,p2_c2_r2_s2,sr_1_over_r,128,8,16,conv_temp,64,1,64,6,8,1333217,1333217,1333217,0,4,500,0.001,1,False,8,14566524800
darcy,paper_table8_on_release_model,linearno_loop,base_depth8,p2_c2_r2_s2,rb_attnres,128,8,16,conv_temp,64,1,64,6,8,1335521,1335521,1333217,2304,4,500,0.001,1,False,8,14566524800
darcy,paper_table8_on_release_model,linearno_loop,base_depth8,p2_c2_r2_s2,lb_attnres_1_over_r,128,8,16,conv_temp,64,1,64,6,8,1333729,1333729,1333217,512,4,500,0.001,1,False,8,14566524800
darcy,paper_table8_on_release_model,linearno,base_depth8,independent_L8,native_residual,128,8,16,conv_temp,64,2,128,8,8,1782529,1782529,1782529,0,4,500,0.001,1,False,8,16460515200
darcy,paper_table8_on_release_model,linearno_loop,base_depth8,p1_c3_r2_s1,sr_1_over_r,128,8,16,conv_temp,64,2,128,5,8,1126993,1126993,1126993,0,4,500,0.001,1,False,8,16460515200
darcy,paper_table8_on_release_model,linearno_loop,base_depth8,p1_c3_r2_s1,rb_attnres,128,8,16,conv_temp,64,2,128,5,8,1130321,1130321,1126993,3328,4,500,0.001,1,False,8,16460515200
darcy,paper_table8_on_release_model,linearno_loop,base_depth8,p1_c3_r2_s1,lb_attnres_1_over_r,128,8,16,conv_temp,64,2,128,5,8,1127505,1127505,1126993,512,4,500,0.001,1,False,8,16460515200
darcy,paper_table8_on_release_model,linearno_loop,base_depth8,p2_c2_r2_s2,sr_1_over_r,128,8,16,conv_temp,64,2,128,6,8,1345505,1345505,1345505,0,4,500,0.001,1,False,8,16460515200
darcy,paper_table8_on_release_model,linearno_loop,base_depth8,p2_c2_r2_s2,rb_attnres,128,8,16,conv_temp,64,2,128,6,8,1347809,1347809,1345505,2304,4,500,0.001,1,False,8,16460515200
darcy,paper_table8_on_release_model,linearno_loop,base_depth8,p2_c2_r2_s2,lb_attnres_1_over_r,128,8,16,conv_temp,64,2,128,6,8,1346017,1346017,1345505,512,4,500,0.001,1,False,8,16460515200
darcy,paper_table8_on_release_model,linearno,depth_extension,independent_L16,native_residual,128,8,16,conv_temp,64,1,64,16,16,3497857,3497857,3497857,0,4,500,0.001,1,False,8,28889827200
darcy,paper_table8_on_release_model,linearno_loop,depth_extension,p1_c7_r2_s1,sr_1_over_r,128,8,16,conv_temp,64,1,64,9,16,1982609,1982609,1982609,0,4,500,0.001,1,False,8,28889827200
darcy,paper_table8_on_release_model,linearno_loop,depth_extension,p1_c7_r2_s1,rb_attnres,128,8,16,conv_temp,64,1,64,9,16,1990033,1990033,1982609,7424,4,500,0.001,1,False,8,28889827200
darcy,paper_table8_on_release_model,linearno_loop,depth_extension,p1_c7_r2_s1,lb_attnres_1_over_r,128,8,16,conv_temp,64,1,64,9,16,1983121,1983121,1982609,512,4,500,0.001,1,False,8,28889827200
darcy,paper_table8_on_release_model,linearno_loop,depth_extension,p2_c6_r2_s2,sr_1_over_r,128,8,16,conv_temp,64,1,64,10,16,2199073,2199073,2199073,0,4,500,0.001,1,False,8,28889827200
darcy,paper_table8_on_release_model,linearno_loop,depth_extension,p2_c6_r2_s2,rb_attnres,128,8,16,conv_temp,64,1,64,10,16,2205473,2205473,2199073,6400,4,500,0.001,1,False,8,28889827200
darcy,paper_table8_on_release_model,linearno_loop,depth_extension,p2_c6_r2_s2,lb_attnres_1_over_r,128,8,16,conv_temp,64,1,64,10,16,2199585,2199585,2199073,512,4,500,0.001,1,False,8,28889827200
darcy,paper_table8_on_release_model,linearno,depth_extension,independent_L16,native_residual,128,8,16,conv_temp,64,2,128,16,16,3530625,3530625,3530625,0,4,500,0.001,1,False,8,32677808000
darcy,paper_table8_on_release_model,linearno_loop,depth_extension,p1_c7_r2_s1,sr_1_over_r,128,8,16,conv_temp,64,2,128,9,16,2001041,2001041,2001041,0,4,500,0.001,1,False,8,32677808000
darcy,paper_table8_on_release_model,linearno_loop,depth_extension,p1_c7_r2_s1,rb_attnres,128,8,16,conv_temp,64,2,128,9,16,2008465,2008465,2001041,7424,4,500,0.001,1,False,8,32677808000
darcy,paper_table8_on_release_model,linearno_loop,depth_extension,p1_c7_r2_s1,lb_attnres_1_over_r,128,8,16,conv_temp,64,2,128,9,16,2001553,2001553,2001041,512,4,500,0.001,1,False,8,32677808000
darcy,paper_table8_on_release_model,linearno_loop,depth_extension,p2_c6_r2_s2,sr_1_over_r,128,8,16,conv_temp,64,2,128,10,16,2219553,2219553,2219553,0,4,500,0.001,1,False,8,32677808000
darcy,paper_table8_on_release_model,linearno_loop,depth_extension,p2_c6_r2_s2,rb_attnres,128,8,16,conv_temp,64,2,128,10,16,2225953,2225953,2219553,6400,4,500,0.001,1,False,8,32677808000
darcy,paper_table8_on_release_model,linearno_loop,depth_extension,p2_c6_r2_s2,lb_attnres_1_over_r,128,8,16,conv_temp,64,2,128,10,16,2220065,2220065,2219553,512,4,500,0.001,1,False,8,32677808000
darcy,paper_table8_on_release_model,linearno,depth_extension,independent_L24,native_residual,128,8,16,conv_temp,64,1,64,24,24,5229569,5229569,5229569,0,4,500,0.001,1,False,8,43213129600
darcy,paper_table8_on_release_model,linearno_loop,depth_extension,p1_c11_r2_s1,sr_1_over_r,128,8,16,conv_temp,64,1,64,13,24,2848465,2848465,2848465,0,4,500,0.001,1,False,8,43213129600
darcy,paper_table8_on_release_model,linearno_loop,depth_extension,p1_c11_r2_s1,rb_attnres,128,8,16,conv_temp,64,1,64,13,24,2859985,2859985,2848465,11520,4,500,0.001,1,False,8,43213129600
darcy,paper_table8_on_release_model,linearno_loop,depth_extension,p1_c11_r2_s1,lb_attnres_1_over_r,128,8,16,conv_temp,64,1,64,13,24,2848977,2848977,2848465,512,4,500,0.001,1,False,8,43213129600
darcy,paper_table8_on_release_model,linearno_loop,depth_extension,p2_c10_r2_s2,sr_1_over_r,128,8,16,conv_temp,64,1,64,14,24,3064929,3064929,3064929,0,4,500,0.001,1,False,8,43213129600
darcy,paper_table8_on_release_model,linearno_loop,depth_extension,p2_c10_r2_s2,rb_attnres,128,8,16,conv_temp,64,1,64,14,24,3075425,3075425,3064929,10496,4,500,0.001,1,False,8,43213129600
darcy,paper_table8_on_release_model,linearno_loop,depth_extension,p2_c10_r2_s2,lb_attnres_1_over_r,128,8,16,conv_temp,64,1,64,14,24,3065441,3065441,3064929,512,4,500,0.001,1,False,8,43213129600
darcy,paper_table8_on_release_model,linearno,depth_extension,independent_L24,native_residual,128,8,16,conv_temp,64,2,128,24,24,5278721,5278721,5278721,0,4,500,0.001,1,False,8,48895100800
darcy,paper_table8_on_release_model,linearno_loop,depth_extension,p1_c11_r2_s1,sr_1_over_r,128,8,16,conv_temp,64,2,128,13,24,2875089,2875089,2875089,0,4,500,0.001,1,False,8,48895100800
darcy,paper_table8_on_release_model,linearno_loop,depth_extension,p1_c11_r2_s1,rb_attnres,128,8,16,conv_temp,64,2,128,13,24,2886609,2886609,2875089,11520,4,500,0.001,1,False,8,48895100800
darcy,paper_table8_on_release_model,linearno_loop,depth_extension,p1_c11_r2_s1,lb_attnres_1_over_r,128,8,16,conv_temp,64,2,128,13,24,2875601,2875601,2875089,512,4,500,0.001,1,False,8,48895100800
darcy,paper_table8_on_release_model,linearno_loop,depth_extension,p2_c10_r2_s2,sr_1_over_r,128,8,16,conv_temp,64,2,128,14,24,3093601,3093601,3093601,0,4,500,0.001,1,False,8,48895100800
darcy,paper_table8_on_release_model,linearno_loop,depth_extension,p2_c10_r2_s2,rb_attnres,128,8,16,conv_temp,64,2,128,14,24,3104097,3104097,3093601,10496,4,500,0.001,1,False,8,48895100800
darcy,paper_table8_on_release_model,linearno_loop,depth_extension,p2_c10_r2_s2,lb_attnres_1_over_r,128,8,16,conv_temp,64,2,128,14,24,3094113,3094113,3093601,512,4,500,0.001,1,False,8,48895100800
darcy,paper_table8_on_release_model,linearno,depth_extension,independent_L32,native_residual,128,8,16,conv_temp,64,1,64,32,32,6961281,6961281,6961281,0,4,500,0.001,1,False,8,57536432000
darcy,paper_table8_on_release_model,linearno_loop,depth_extension,p1_c15_r2_s1,sr_1_over_r,128,8,16,conv_temp,64,1,64,17,32,3714321,3714321,3714321,0,4,500,0.001,1,False,8,57536432000
darcy,paper_table8_on_release_model,linearno_loop,depth_extension,p1_c15_r2_s1,rb_attnres,128,8,16,conv_temp,64,1,64,17,32,3729937,3729937,3714321,15616,4,500,0.001,1,False,8,57536432000
darcy,paper_table8_on_release_model,linearno_loop,depth_extension,p1_c15_r2_s1,lb_attnres_1_over_r,128,8,16,conv_temp,64,1,64,17,32,3714833,3714833,3714321,512,4,500,0.001,1,False,8,57536432000
darcy,paper_table8_on_release_model,linearno_loop,depth_extension,p2_c14_r2_s2,sr_1_over_r,128,8,16,conv_temp,64,1,64,18,32,3930785,3930785,3930785,0,4,500,0.001,1,False,8,57536432000
darcy,paper_table8_on_release_model,linearno_loop,depth_extension,p2_c14_r2_s2,rb_attnres,128,8,16,conv_temp,64,1,64,18,32,3945377,3945377,3930785,14592,4,500,0.001,1,False,8,57536432000
darcy,paper_table8_on_release_model,linearno_loop,depth_extension,p2_c14_r2_s2,lb_attnres_1_over_r,128,8,16,conv_temp,64,1,64,18,32,3931297,3931297,3930785,512,4,500,0.001,1,False,8,57536432000
darcy,paper_table8_on_release_model,linearno,depth_extension,independent_L32,native_residual,128,8,16,conv_temp,64,2,128,32,32,7026817,7026817,7026817,0,4,500,0.001,1,False,8,65112393600
darcy,paper_table8_on_release_model,linearno_loop,depth_extension,p1_c15_r2_s1,sr_1_over_r,128,8,16,conv_temp,64,2,128,17,32,3749137,3749137,3749137,0,4,500,0.001,1,False,8,65112393600
darcy,paper_table8_on_release_model,linearno_loop,depth_extension,p1_c15_r2_s1,rb_attnres,128,8,16,conv_temp,64,2,128,17,32,3764753,3764753,3749137,15616,4,500,0.001,1,False,8,65112393600
darcy,paper_table8_on_release_model,linearno_loop,depth_extension,p1_c15_r2_s1,lb_attnres_1_over_r,128,8,16,conv_temp,64,2,128,17,32,3749649,3749649,3749137,512,4,500,0.001,1,False,8,65112393600
darcy,paper_table8_on_release_model,linearno_loop,depth_extension,p2_c14_r2_s2,sr_1_over_r,128,8,16,conv_temp,64,2,128,18,32,3967649,3967649,3967649,0,4,500,0.001,1,False,8,65112393600
darcy,paper_table8_on_release_model,linearno_loop,depth_extension,p2_c14_r2_s2,rb_attnres,128,8,16,conv_temp,64,2,128,18,32,3982241,3982241,3967649,14592,4,500,0.001,1,False,8,65112393600
darcy,paper_table8_on_release_model,linearno_loop,depth_extension,p2_c14_r2_s2,lb_attnres_1_over_r,128,8,16,conv_temp,64,2,128,18,32,3968161,3968161,3967649,512,4,500,0.001,1,False,8,65112393600
darcy,paper_table8_on_release_model,linearno_loop,custom_topology_control,p0_c2_r3_s1,sr_1_over_r,128,8,16,conv_temp,64,1,64,3,7,683825,683825,683825,0,4,500,0.001,1,False,8,12776112000
darcy,paper_table8_on_release_model,linearno_loop,custom_topology_control,p0_c2_r3_s1,rb_attnres,128,8,16,conv_temp,64,1,64,3,7,687153,687153,683825,3328,4,500,0.001,1,False,8,12776112000
darcy,paper_table8_on_release_model,linearno_loop,custom_topology_control,p0_c2_r3_s1,lb_attnres_1_over_r,128,8,16,conv_temp,64,1,64,3,7,684593,684593,683825,768,4,500,0.001,1,False,8,12776112000
darcy,paper_table8_on_release_model,linearno_loop,custom_topology_control,p0_c2_r3_s1,sr_1_over_r,128,8,16,conv_temp,64,2,128,3,7,689969,689969,689969,0,4,500,0.001,1,False,8,14433353600
darcy,paper_table8_on_release_model,linearno_loop,custom_topology_control,p0_c2_r3_s1,rb_attnres,128,8,16,conv_temp,64,2,128,3,7,693297,693297,689969,3328,4,500,0.001,1,False,8,14433353600
darcy,paper_table8_on_release_model,linearno_loop,custom_topology_control,p0_c2_r3_s1,lb_attnres_1_over_r,128,8,16,conv_temp,64,2,128,3,7,690737,690737,689969,768,4,500,0.001,1,False,8,14433353600
darcy,official_release,linearno,base_depth8,independent_L8,native_residual,128,8,16,conv_temp,64,1,64,8,8,1766145,1766145,1766145,0,4,500,0.001,1,False,8,14566524800
darcy,official_release,linearno_loop,base_depth8,p1_c3_r2_s1,sr_1_over_r,128,8,16,conv_temp,64,1,64,5,8,1116753,1116753,1116753,0,4,500,0.001,1,False,8,14566524800
darcy,official_release,linearno_loop,base_depth8,p1_c3_r2_s1,rb_attnres,128,8,16,conv_temp,64,1,64,5,8,1120081,1120081,1116753,3328,4,500,0.001,1,False,8,14566524800
darcy,official_release,linearno_loop,base_depth8,p1_c3_r2_s1,lb_attnres_1_over_r,128,8,16,conv_temp,64,1,64,5,8,1117265,1117265,1116753,512,4,500,0.001,1,False,8,14566524800
darcy,official_release,linearno_loop,base_depth8,p2_c2_r2_s2,sr_1_over_r,128,8,16,conv_temp,64,1,64,6,8,1333217,1333217,1333217,0,4,500,0.001,1,False,8,14566524800
darcy,official_release,linearno_loop,base_depth8,p2_c2_r2_s2,rb_attnres,128,8,16,conv_temp,64,1,64,6,8,1335521,1335521,1333217,2304,4,500,0.001,1,False,8,14566524800
darcy,official_release,linearno_loop,base_depth8,p2_c2_r2_s2,lb_attnres_1_over_r,128,8,16,conv_temp,64,1,64,6,8,1333729,1333729,1333217,512,4,500,0.001,1,False,8,14566524800
darcy,official_release,linearno,base_depth8,independent_L8,native_residual,128,8,16,conv_temp,64,2,128,8,8,1782529,1782529,1782529,0,4,500,0.001,1,False,8,16460515200
darcy,official_release,linearno_loop,base_depth8,p1_c3_r2_s1,sr_1_over_r,128,8,16,conv_temp,64,2,128,5,8,1126993,1126993,1126993,0,4,500,0.001,1,False,8,16460515200
darcy,official_release,linearno_loop,base_depth8,p1_c3_r2_s1,rb_attnres,128,8,16,conv_temp,64,2,128,5,8,1130321,1130321,1126993,3328,4,500,0.001,1,False,8,16460515200
darcy,official_release,linearno_loop,base_depth8,p1_c3_r2_s1,lb_attnres_1_over_r,128,8,16,conv_temp,64,2,128,5,8,1127505,1127505,1126993,512,4,500,0.001,1,False,8,16460515200
darcy,official_release,linearno_loop,base_depth8,p2_c2_r2_s2,sr_1_over_r,128,8,16,conv_temp,64,2,128,6,8,1345505,1345505,1345505,0,4,500,0.001,1,False,8,16460515200
darcy,official_release,linearno_loop,base_depth8,p2_c2_r2_s2,rb_attnres,128,8,16,conv_temp,64,2,128,6,8,1347809,1347809,1345505,2304,4,500,0.001,1,False,8,16460515200
darcy,official_release,linearno_loop,base_depth8,p2_c2_r2_s2,lb_attnres_1_over_r,128,8,16,conv_temp,64,2,128,6,8,1346017,1346017,1345505,512,4,500,0.001,1,False,8,16460515200
darcy,transolver_matched,linearno,base_depth8,independent_L8,native_residual,128,8,16,conv_temp,64,1,64,8,8,1782017,1782017,1782017,0,4,500,0.001,1,True,8,14681200000
darcy,transolver_matched,linearno_loop,base_depth8,p1_c3_r2_s1,sr_1_over_r,128,8,16,conv_temp,64,1,64,5,8,1132625,1132625,1132625,0,4,500,0.001,1,True,8,14681200000
darcy,transolver_matched,linearno_loop,base_depth8,p1_c3_r2_s1,rb_attnres,128,8,16,conv_temp,64,1,64,5,8,1135953,1135953,1132625,3328,4,500,0.001,1,True,8,14681200000
darcy,transolver_matched,linearno_loop,base_depth8,p1_c3_r2_s1,lb_attnres_1_over_r,128,8,16,conv_temp,64,1,64,5,8,1133137,1133137,1132625,512,4,500,0.001,1,True,8,14681200000
darcy,transolver_matched,linearno_loop,base_depth8,p2_c2_r2_s2,sr_1_over_r,128,8,16,conv_temp,64,1,64,6,8,1349089,1349089,1349089,0,4,500,0.001,1,True,8,14681200000
darcy,transolver_matched,linearno_loop,base_depth8,p2_c2_r2_s2,rb_attnres,128,8,16,conv_temp,64,1,64,6,8,1351393,1351393,1349089,2304,4,500,0.001,1,True,8,14681200000
darcy,transolver_matched,linearno_loop,base_depth8,p2_c2_r2_s2,lb_attnres_1_over_r,128,8,16,conv_temp,64,1,64,6,8,1349601,1349601,1349089,512,4,500,0.001,1,True,8,14681200000
darcy,transolver_matched,linearno,base_depth8,independent_L8,native_residual,128,8,16,conv_temp,64,2,128,8,8,1798401,1798401,1798401,0,4,500,0.001,1,True,8,16575190400
darcy,transolver_matched,linearno_loop,base_depth8,p1_c3_r2_s1,sr_1_over_r,128,8,16,conv_temp,64,2,128,5,8,1142865,1142865,1142865,0,4,500,0.001,1,True,8,16575190400
darcy,transolver_matched,linearno_loop,base_depth8,p1_c3_r2_s1,rb_attnres,128,8,16,conv_temp,64,2,128,5,8,1146193,1146193,1142865,3328,4,500,0.001,1,True,8,16575190400
darcy,transolver_matched,linearno_loop,base_depth8,p1_c3_r2_s1,lb_attnres_1_over_r,128,8,16,conv_temp,64,2,128,5,8,1143377,1143377,1142865,512,4,500,0.001,1,True,8,16575190400
darcy,transolver_matched,linearno_loop,base_depth8,p2_c2_r2_s2,sr_1_over_r,128,8,16,conv_temp,64,2,128,6,8,1361377,1361377,1361377,0,4,500,0.001,1,True,8,16575190400
darcy,transolver_matched,linearno_loop,base_depth8,p2_c2_r2_s2,rb_attnres,128,8,16,conv_temp,64,2,128,6,8,1363681,1363681,1361377,2304,4,500,0.001,1,True,8,16575190400
darcy,transolver_matched,linearno_loop,base_depth8,p2_c2_r2_s2,lb_attnres_1_over_r,128,8,16,conv_temp,64,2,128,6,8,1361889,1361889,1361377,512,4,500,0.001,1,True,8,16575190400
darcy,transolver_original,transolver,base_depth8,independent_L8,native_residual,128,8,16,Physics_Attention_Structured_Mesh_2D,64,1,64,8,8,2826945,2826945,2826945,0,4,500,0.001,1,True,8,21676823936
darcy,transolver_original,transolver,base_depth8,independent_L8,native_residual,128,8,16,Physics_Attention_Structured_Mesh_2D,64,2,128,8,8,2835649,2835649,2835649,0,4,500,0.001,1,True,8,23125628288
darcy,transolver_original,transolver,depth_extension,independent_L16,native_residual,128,8,16,Physics_Attention_Structured_Mesh_2D,64,1,64,16,16,5603585,5603585,5603585,0,4,500,0.001,1,True,8,42995750272
darcy,transolver_original,transolver,depth_extension,independent_L16,native_residual,128,8,16,Physics_Attention_Structured_Mesh_2D,64,2,128,16,16,5620993,5620993,5620993,0,4,500,0.001,1,True,8,45893358976
darcy,transolver_original,transolver,depth_extension,independent_L24,native_residual,128,8,16,Physics_Attention_Structured_Mesh_2D,64,1,64,24,24,8380225,8380225,8380225,0,4,500,0.001,1,True,8,64314676608
darcy,transolver_original,transolver,depth_extension,independent_L24,native_residual,128,8,16,Physics_Attention_Structured_Mesh_2D,64,2,128,24,24,8406337,8406337,8406337,0,4,500,0.001,1,True,8,68661089664
darcy,transolver_original,transolver,depth_extension,independent_L32,native_residual,128,8,16,Physics_Attention_Structured_Mesh_2D,64,1,64,32,32,11156865,11156865,11156865,0,4,500,0.001,1,True,8,85633602944
darcy,transolver_original,transolver,depth_extension,independent_L32,native_residual,128,8,16,Physics_Attention_Structured_Mesh_2D,64,2,128,32,32,11191681,11191681,11191681,0,4,500,0.001,1,True,8,91428820352
elasticity,paper_table8_on_release_model,linearno,base_depth8,independent_L8,native_residual,128,8,16,temp,64,1,64,8,8,585217,585217,585217,0,1,500,0.001,1,False,8,812809728
elasticity,paper_table8_on_release_model,linearno_loop,base_depth8,p1_c3_r2_s1,sr_1_over_r,128,8,16,temp,64,1,64,5,8,378577,378577,378577,0,1,500,0.001,1,False,8,812809728
elasticity,paper_table8_on_release_model,linearno_loop,base_depth8,p1_c3_r2_s1,rb_attnres,128,8,16,temp,64,1,64,5,8,381905,381905,378577,3328,1,500,0.001,1,False,8,812809728
elasticity,paper_table8_on_release_model,linearno_loop,base_depth8,p1_c3_r2_s1,lb_attnres_1_over_r,128,8,16,temp,64,1,64,5,8,379089,379089,378577,512,1,500,0.001,1,False,8,812809728
elasticity,paper_table8_on_release_model,linearno_loop,base_depth8,p2_c2_r2_s2,sr_1_over_r,128,8,16,temp,64,1,64,6,8,447457,447457,447457,0,1,500,0.001,1,False,8,812809728
elasticity,paper_table8_on_release_model,linearno_loop,base_depth8,p2_c2_r2_s2,rb_attnres,128,8,16,temp,64,1,64,6,8,449761,449761,447457,2304,1,500,0.001,1,False,8,812809728
elasticity,paper_table8_on_release_model,linearno_loop,base_depth8,p2_c2_r2_s2,lb_attnres_1_over_r,128,8,16,temp,64,1,64,6,8,447969,447969,447457,512,1,500,0.001,1,False,8,812809728
elasticity,paper_table8_on_release_model,linearno,base_depth8,independent_L8,native_residual,128,8,16,temp,64,2,128,8,8,601601,601601,601601,0,1,500,0.001,1,False,8,1067613696
elasticity,paper_table8_on_release_model,linearno_loop,base_depth8,p1_c3_r2_s1,sr_1_over_r,128,8,16,temp,64,2,128,5,8,388817,388817,388817,0,1,500,0.001,1,False,8,1067613696
elasticity,paper_table8_on_release_model,linearno_loop,base_depth8,p1_c3_r2_s1,rb_attnres,128,8,16,temp,64,2,128,5,8,392145,392145,388817,3328,1,500,0.001,1,False,8,1067613696
elasticity,paper_table8_on_release_model,linearno_loop,base_depth8,p1_c3_r2_s1,lb_attnres_1_over_r,128,8,16,temp,64,2,128,5,8,389329,389329,388817,512,1,500,0.001,1,False,8,1067613696
elasticity,paper_table8_on_release_model,linearno_loop,base_depth8,p2_c2_r2_s2,sr_1_over_r,128,8,16,temp,64,2,128,6,8,459745,459745,459745,0,1,500,0.001,1,False,8,1067613696
elasticity,paper_table8_on_release_model,linearno_loop,base_depth8,p2_c2_r2_s2,rb_attnres,128,8,16,temp,64,2,128,6,8,462049,462049,459745,2304,1,500,0.001,1,False,8,1067613696
elasticity,paper_table8_on_release_model,linearno_loop,base_depth8,p2_c2_r2_s2,lb_attnres_1_over_r,128,8,16,temp,64,2,128,6,8,460257,460257,459745,512,1,500,0.001,1,False,8,1067613696
elasticity,paper_table8_on_release_model,linearno,depth_extension,independent_L16,native_residual,128,8,16,temp,64,1,64,16,16,1136257,1136257,1136257,0,1,500,0.001,1,False,8,1593146880
elasticity,paper_table8_on_release_model,linearno_loop,depth_extension,p1_c7_r2_s1,sr_1_over_r,128,8,16,temp,64,1,64,9,16,654097,654097,654097,0,1,500,0.001,1,False,8,1593146880
elasticity,paper_table8_on_release_model,linearno_loop,depth_extension,p1_c7_r2_s1,rb_attnres,128,8,16,temp,64,1,64,9,16,661521,661521,654097,7424,1,500,0.001,1,False,8,1593146880
elasticity,paper_table8_on_release_model,linearno_loop,depth_extension,p1_c7_r2_s1,lb_attnres_1_over_r,128,8,16,temp,64,1,64,9,16,654609,654609,654097,512,1,500,0.001,1,False,8,1593146880
elasticity,paper_table8_on_release_model,linearno_loop,depth_extension,p2_c6_r2_s2,sr_1_over_r,128,8,16,temp,64,1,64,10,16,722977,722977,722977,0,1,500,0.001,1,False,8,1593146880
elasticity,paper_table8_on_release_model,linearno_loop,depth_extension,p2_c6_r2_s2,rb_attnres,128,8,16,temp,64,1,64,10,16,729377,729377,722977,6400,1,500,0.001,1,False,8,1593146880
elasticity,paper_table8_on_release_model,linearno_loop,depth_extension,p2_c6_r2_s2,lb_attnres_1_over_r,128,8,16,temp,64,1,64,10,16,723489,723489,722977,512,1,500,0.001,1,False,8,1593146880
elasticity,paper_table8_on_release_model,linearno,depth_extension,independent_L16,native_residual,128,8,16,temp,64,2,128,16,16,1169025,1169025,1169025,0,1,500,0.001,1,False,8,2102754816
elasticity,paper_table8_on_release_model,linearno_loop,depth_extension,p1_c7_r2_s1,sr_1_over_r,128,8,16,temp,64,2,128,9,16,672529,672529,672529,0,1,500,0.001,1,False,8,2102754816
elasticity,paper_table8_on_release_model,linearno_loop,depth_extension,p1_c7_r2_s1,rb_attnres,128,8,16,temp,64,2,128,9,16,679953,679953,672529,7424,1,500,0.001,1,False,8,2102754816
elasticity,paper_table8_on_release_model,linearno_loop,depth_extension,p1_c7_r2_s1,lb_attnres_1_over_r,128,8,16,temp,64,2,128,9,16,673041,673041,672529,512,1,500,0.001,1,False,8,2102754816
elasticity,paper_table8_on_release_model,linearno_loop,depth_extension,p2_c6_r2_s2,sr_1_over_r,128,8,16,temp,64,2,128,10,16,743457,743457,743457,0,1,500,0.001,1,False,8,2102754816
elasticity,paper_table8_on_release_model,linearno_loop,depth_extension,p2_c6_r2_s2,rb_attnres,128,8,16,temp,64,2,128,10,16,749857,749857,743457,6400,1,500,0.001,1,False,8,2102754816
elasticity,paper_table8_on_release_model,linearno_loop,depth_extension,p2_c6_r2_s2,lb_attnres_1_over_r,128,8,16,temp,64,2,128,10,16,743969,743969,743457,512,1,500,0.001,1,False,8,2102754816
elasticity,paper_table8_on_release_model,linearno,depth_extension,independent_L24,native_residual,128,8,16,temp,64,1,64,24,24,1687297,1687297,1687297,0,1,500,0.001,1,False,8,2373484032
elasticity,paper_table8_on_release_model,linearno_loop,depth_extension,p1_c11_r2_s1,sr_1_over_r,128,8,16,temp,64,1,64,13,24,929617,929617,929617,0,1,500,0.001,1,False,8,2373484032
elasticity,paper_table8_on_release_model,linearno_loop,depth_extension,p1_c11_r2_s1,rb_attnres,128,8,16,temp,64,1,64,13,24,941137,941137,929617,11520,1,500,0.001,1,False,8,2373484032
elasticity,paper_table8_on_release_model,linearno_loop,depth_extension,p1_c11_r2_s1,lb_attnres_1_over_r,128,8,16,temp,64,1,64,13,24,930129,930129,929617,512,1,500,0.001,1,False,8,2373484032
elasticity,paper_table8_on_release_model,linearno_loop,depth_extension,p2_c10_r2_s2,sr_1_over_r,128,8,16,temp,64,1,64,14,24,998497,998497,998497,0,1,500,0.001,1,False,8,2373484032
elasticity,paper_table8_on_release_model,linearno_loop,depth_extension,p2_c10_r2_s2,rb_attnres,128,8,16,temp,64,1,64,14,24,1008993,1008993,998497,10496,1,500,0.001,1,False,8,2373484032
elasticity,paper_table8_on_release_model,linearno_loop,depth_extension,p2_c10_r2_s2,lb_attnres_1_over_r,128,8,16,temp,64,1,64,14,24,999009,999009,998497,512,1,500,0.001,1,False,8,2373484032
elasticity,paper_table8_on_release_model,linearno,depth_extension,independent_L24,native_residual,128,8,16,temp,64,2,128,24,24,1736449,1736449,1736449,0,1,500,0.001,1,False,8,3137895936
elasticity,paper_table8_on_release_model,linearno_loop,depth_extension,p1_c11_r2_s1,sr_1_over_r,128,8,16,temp,64,2,128,13,24,956241,956241,956241,0,1,500,0.001,1,False,8,3137895936
elasticity,paper_table8_on_release_model,linearno_loop,depth_extension,p1_c11_r2_s1,rb_attnres,128,8,16,temp,64,2,128,13,24,967761,967761,956241,11520,1,500,0.001,1,False,8,3137895936
elasticity,paper_table8_on_release_model,linearno_loop,depth_extension,p1_c11_r2_s1,lb_attnres_1_over_r,128,8,16,temp,64,2,128,13,24,956753,956753,956241,512,1,500,0.001,1,False,8,3137895936
elasticity,paper_table8_on_release_model,linearno_loop,depth_extension,p2_c10_r2_s2,sr_1_over_r,128,8,16,temp,64,2,128,14,24,1027169,1027169,1027169,0,1,500,0.001,1,False,8,3137895936
elasticity,paper_table8_on_release_model,linearno_loop,depth_extension,p2_c10_r2_s2,rb_attnres,128,8,16,temp,64,2,128,14,24,1037665,1037665,1027169,10496,1,500,0.001,1,False,8,3137895936
elasticity,paper_table8_on_release_model,linearno_loop,depth_extension,p2_c10_r2_s2,lb_attnres_1_over_r,128,8,16,temp,64,2,128,14,24,1027681,1027681,1027169,512,1,500,0.001,1,False,8,3137895936
elasticity,paper_table8_on_release_model,linearno,depth_extension,independent_L32,native_residual,128,8,16,temp,64,1,64,32,32,2238337,2238337,2238337,0,1,500,0.001,1,False,8,3153821184
elasticity,paper_table8_on_release_model,linearno_loop,depth_extension,p1_c15_r2_s1,sr_1_over_r,128,8,16,temp,64,1,64,17,32,1205137,1205137,1205137,0,1,500,0.001,1,False,8,3153821184
elasticity,paper_table8_on_release_model,linearno_loop,depth_extension,p1_c15_r2_s1,rb_attnres,128,8,16,temp,64,1,64,17,32,1220753,1220753,1205137,15616,1,500,0.001,1,False,8,3153821184
elasticity,paper_table8_on_release_model,linearno_loop,depth_extension,p1_c15_r2_s1,lb_attnres_1_over_r,128,8,16,temp,64,1,64,17,32,1205649,1205649,1205137,512,1,500,0.001,1,False,8,3153821184
elasticity,paper_table8_on_release_model,linearno_loop,depth_extension,p2_c14_r2_s2,sr_1_over_r,128,8,16,temp,64,1,64,18,32,1274017,1274017,1274017,0,1,500,0.001,1,False,8,3153821184
elasticity,paper_table8_on_release_model,linearno_loop,depth_extension,p2_c14_r2_s2,rb_attnres,128,8,16,temp,64,1,64,18,32,1288609,1288609,1274017,14592,1,500,0.001,1,False,8,3153821184
elasticity,paper_table8_on_release_model,linearno_loop,depth_extension,p2_c14_r2_s2,lb_attnres_1_over_r,128,8,16,temp,64,1,64,18,32,1274529,1274529,1274017,512,1,500,0.001,1,False,8,3153821184
elasticity,paper_table8_on_release_model,linearno,depth_extension,independent_L32,native_residual,128,8,16,temp,64,2,128,32,32,2303873,2303873,2303873,0,1,500,0.001,1,False,8,4173037056
elasticity,paper_table8_on_release_model,linearno_loop,depth_extension,p1_c15_r2_s1,sr_1_over_r,128,8,16,temp,64,2,128,17,32,1239953,1239953,1239953,0,1,500,0.001,1,False,8,4173037056
elasticity,paper_table8_on_release_model,linearno_loop,depth_extension,p1_c15_r2_s1,rb_attnres,128,8,16,temp,64,2,128,17,32,1255569,1255569,1239953,15616,1,500,0.001,1,False,8,4173037056
elasticity,paper_table8_on_release_model,linearno_loop,depth_extension,p1_c15_r2_s1,lb_attnres_1_over_r,128,8,16,temp,64,2,128,17,32,1240465,1240465,1239953,512,1,500,0.001,1,False,8,4173037056
elasticity,paper_table8_on_release_model,linearno_loop,depth_extension,p2_c14_r2_s2,sr_1_over_r,128,8,16,temp,64,2,128,18,32,1310881,1310881,1310881,0,1,500,0.001,1,False,8,4173037056
elasticity,paper_table8_on_release_model,linearno_loop,depth_extension,p2_c14_r2_s2,rb_attnres,128,8,16,temp,64,2,128,18,32,1325473,1325473,1310881,14592,1,500,0.001,1,False,8,4173037056
elasticity,paper_table8_on_release_model,linearno_loop,depth_extension,p2_c14_r2_s2,lb_attnres_1_over_r,128,8,16,temp,64,2,128,18,32,1311393,1311393,1310881,512,1,500,0.001,1,False,8,4173037056
elasticity,paper_table8_on_release_model,linearno_loop,custom_topology_control,p0_c2_r3_s1,sr_1_over_r,128,8,16,temp,64,1,64,3,7,240817,240817,240817,0,1,500,0.001,1,False,8,715267584
elasticity,paper_table8_on_release_model,linearno_loop,custom_topology_control,p0_c2_r3_s1,rb_attnres,128,8,16,temp,64,1,64,3,7,244145,244145,240817,3328,1,500,0.001,1,False,8,715267584
elasticity,paper_table8_on_release_model,linearno_loop,custom_topology_control,p0_c2_r3_s1,lb_attnres_1_over_r,128,8,16,temp,64,1,64,3,7,241585,241585,240817,768,1,500,0.001,1,False,8,715267584
elasticity,paper_table8_on_release_model,linearno_loop,custom_topology_control,p0_c2_r3_s1,sr_1_over_r,128,8,16,temp,64,2,128,3,7,246961,246961,246961,0,1,500,0.001,1,False,8,938221056
elasticity,paper_table8_on_release_model,linearno_loop,custom_topology_control,p0_c2_r3_s1,rb_attnres,128,8,16,temp,64,2,128,3,7,250289,250289,246961,3328,1,500,0.001,1,False,8,938221056
elasticity,paper_table8_on_release_model,linearno_loop,custom_topology_control,p0_c2_r3_s1,lb_attnres_1_over_r,128,8,16,temp,64,2,128,3,7,247729,247729,246961,768,1,500,0.001,1,False,8,938221056
elasticity,official_release,linearno,base_depth8,independent_L8,native_residual,128,8,16,temp,64,1,64,8,8,585217,585217,585217,0,1,500,0.001,1,False,8,812809728
elasticity,official_release,linearno_loop,base_depth8,p1_c3_r2_s1,sr_1_over_r,128,8,16,temp,64,1,64,5,8,378577,378577,378577,0,1,500,0.001,1,False,8,812809728
elasticity,official_release,linearno_loop,base_depth8,p1_c3_r2_s1,rb_attnres,128,8,16,temp,64,1,64,5,8,381905,381905,378577,3328,1,500,0.001,1,False,8,812809728
elasticity,official_release,linearno_loop,base_depth8,p1_c3_r2_s1,lb_attnres_1_over_r,128,8,16,temp,64,1,64,5,8,379089,379089,378577,512,1,500,0.001,1,False,8,812809728
elasticity,official_release,linearno_loop,base_depth8,p2_c2_r2_s2,sr_1_over_r,128,8,16,temp,64,1,64,6,8,447457,447457,447457,0,1,500,0.001,1,False,8,812809728
elasticity,official_release,linearno_loop,base_depth8,p2_c2_r2_s2,rb_attnres,128,8,16,temp,64,1,64,6,8,449761,449761,447457,2304,1,500,0.001,1,False,8,812809728
elasticity,official_release,linearno_loop,base_depth8,p2_c2_r2_s2,lb_attnres_1_over_r,128,8,16,temp,64,1,64,6,8,447969,447969,447457,512,1,500,0.001,1,False,8,812809728
elasticity,official_release,linearno,base_depth8,independent_L8,native_residual,128,8,16,temp,64,2,128,8,8,601601,601601,601601,0,1,500,0.001,1,False,8,1067613696
elasticity,official_release,linearno_loop,base_depth8,p1_c3_r2_s1,sr_1_over_r,128,8,16,temp,64,2,128,5,8,388817,388817,388817,0,1,500,0.001,1,False,8,1067613696
elasticity,official_release,linearno_loop,base_depth8,p1_c3_r2_s1,rb_attnres,128,8,16,temp,64,2,128,5,8,392145,392145,388817,3328,1,500,0.001,1,False,8,1067613696
elasticity,official_release,linearno_loop,base_depth8,p1_c3_r2_s1,lb_attnres_1_over_r,128,8,16,temp,64,2,128,5,8,389329,389329,388817,512,1,500,0.001,1,False,8,1067613696
elasticity,official_release,linearno_loop,base_depth8,p2_c2_r2_s2,sr_1_over_r,128,8,16,temp,64,2,128,6,8,459745,459745,459745,0,1,500,0.001,1,False,8,1067613696
elasticity,official_release,linearno_loop,base_depth8,p2_c2_r2_s2,rb_attnres,128,8,16,temp,64,2,128,6,8,462049,462049,459745,2304,1,500,0.001,1,False,8,1067613696
elasticity,official_release,linearno_loop,base_depth8,p2_c2_r2_s2,lb_attnres_1_over_r,128,8,16,temp,64,2,128,6,8,460257,460257,459745,512,1,500,0.001,1,False,8,1067613696
elasticity,transolver_matched,linearno,base_depth8,independent_L8,native_residual,128,8,16,temp,64,1,64,8,8,585217,585217,585217,0,1,500,0.001,1,False,8,812809728
elasticity,transolver_matched,linearno_loop,base_depth8,p1_c3_r2_s1,sr_1_over_r,128,8,16,temp,64,1,64,5,8,378577,378577,378577,0,1,500,0.001,1,False,8,812809728
elasticity,transolver_matched,linearno_loop,base_depth8,p1_c3_r2_s1,rb_attnres,128,8,16,temp,64,1,64,5,8,381905,381905,378577,3328,1,500,0.001,1,False,8,812809728
elasticity,transolver_matched,linearno_loop,base_depth8,p1_c3_r2_s1,lb_attnres_1_over_r,128,8,16,temp,64,1,64,5,8,379089,379089,378577,512,1,500,0.001,1,False,8,812809728
elasticity,transolver_matched,linearno_loop,base_depth8,p2_c2_r2_s2,sr_1_over_r,128,8,16,temp,64,1,64,6,8,447457,447457,447457,0,1,500,0.001,1,False,8,812809728
elasticity,transolver_matched,linearno_loop,base_depth8,p2_c2_r2_s2,rb_attnres,128,8,16,temp,64,1,64,6,8,449761,449761,447457,2304,1,500,0.001,1,False,8,812809728
elasticity,transolver_matched,linearno_loop,base_depth8,p2_c2_r2_s2,lb_attnres_1_over_r,128,8,16,temp,64,1,64,6,8,447969,447969,447457,512,1,500,0.001,1,False,8,812809728
elasticity,transolver_matched,linearno,base_depth8,independent_L8,native_residual,128,8,16,temp,64,2,128,8,8,601601,601601,601601,0,1,500,0.001,1,False,8,1067613696
elasticity,transolver_matched,linearno_loop,base_depth8,p1_c3_r2_s1,sr_1_over_r,128,8,16,temp,64,2,128,5,8,388817,388817,388817,0,1,500,0.001,1,False,8,1067613696
elasticity,transolver_matched,linearno_loop,base_depth8,p1_c3_r2_s1,rb_attnres,128,8,16,temp,64,2,128,5,8,392145,392145,388817,3328,1,500,0.001,1,False,8,1067613696
elasticity,transolver_matched,linearno_loop,base_depth8,p1_c3_r2_s1,lb_attnres_1_over_r,128,8,16,temp,64,2,128,5,8,389329,389329,388817,512,1,500,0.001,1,False,8,1067613696
elasticity,transolver_matched,linearno_loop,base_depth8,p2_c2_r2_s2,sr_1_over_r,128,8,16,temp,64,2,128,6,8,459745,459745,459745,0,1,500,0.001,1,False,8,1067613696
elasticity,transolver_matched,linearno_loop,base_depth8,p2_c2_r2_s2,rb_attnres,128,8,16,temp,64,2,128,6,8,462049,462049,459745,2304,1,500,0.001,1,False,8,1067613696
elasticity,transolver_matched,linearno_loop,base_depth8,p2_c2_r2_s2,lb_attnres_1_over_r,128,8,16,temp,64,2,128,6,8,460257,460257,459745,512,1,500,0.001,1,False,8,1067613696
elasticity,transolver_original,transolver,base_depth8,independent_L8,native_residual,128,8,16,Physics_Attention_Irregular_Mesh,64,1,64,8,8,713665,713665,713665,0,1,500,0.001,1,False,8,872119808
elasticity,transolver_original,transolver,base_depth8,independent_L8,native_residual,128,8,16,Physics_Attention_Irregular_Mesh,64,2,128,8,8,722369,722369,722369,0,1,500,0.001,1,False,8,1091534336
elasticity,transolver_original,transolver,depth_extension,independent_L16,native_residual,128,8,16,Physics_Attention_Irregular_Mesh,64,1,64,16,16,1393153,1393153,1393153,0,1,500,0.001,1,False,8,1711767040
elasticity,transolver_original,transolver,depth_extension,independent_L16,native_residual,128,8,16,Physics_Attention_Irregular_Mesh,64,2,128,16,16,1410561,1410561,1410561,0,1,500,0.001,1,False,8,2150596096
elasticity,transolver_original,transolver,depth_extension,independent_L24,native_residual,128,8,16,Physics_Attention_Irregular_Mesh,64,1,64,24,24,2072641,2072641,2072641,0,1,500,0.001,1,False,8,2551414272
elasticity,transolver_original,transolver,depth_extension,independent_L24,native_residual,128,8,16,Physics_Attention_Irregular_Mesh,64,2,128,24,24,2098753,2098753,2098753,0,1,500,0.001,1,False,8,3209657856
elasticity,transolver_original,transolver,depth_extension,independent_L32,native_residual,128,8,16,Physics_Attention_Irregular_Mesh,64,1,64,32,32,2752129,2752129,2752129,0,1,500,0.001,1,False,8,3391061504
elasticity,transolver_original,transolver,depth_extension,independent_L32,native_residual,128,8,16,Physics_Attention_Irregular_Mesh,64,2,128,32,32,2786945,2786945,2786945,0,1,500,0.001,1,False,8,4268719616
pipe,paper_table8_on_release_model,linearno,base_depth8,independent_L8,native_residual,128,8,16,conv_temp,64,1,64,8,8,1765889,1765889,1765889,0,4,500,0.001,1,False,8,33546125952
pipe,paper_table8_on_release_model,linearno_loop,base_depth8,p1_c3_r2_s1,sr_1_over_r,128,8,16,conv_temp,64,1,64,5,8,1116497,1116497,1116497,0,4,500,0.001,1,False,8,33546125952
pipe,paper_table8_on_release_model,linearno_loop,base_depth8,p1_c3_r2_s1,rb_attnres,128,8,16,conv_temp,64,1,64,5,8,1119825,1119825,1116497,3328,4,500,0.001,1,False,8,33546125952
pipe,paper_table8_on_release_model,linearno_loop,base_depth8,p1_c3_r2_s1,lb_attnres_1_over_r,128,8,16,conv_temp,64,1,64,5,8,1117009,1117009,1116497,512,4,500,0.001,1,False,8,33546125952
pipe,paper_table8_on_release_model,linearno_loop,base_depth8,p2_c2_r2_s2,sr_1_over_r,128,8,16,conv_temp,64,1,64,6,8,1332961,1332961,1332961,0,4,500,0.001,1,False,8,33546125952
pipe,paper_table8_on_release_model,linearno_loop,base_depth8,p2_c2_r2_s2,rb_attnres,128,8,16,conv_temp,64,1,64,6,8,1335265,1335265,1332961,2304,4,500,0.001,1,False,8,33546125952
pipe,paper_table8_on_release_model,linearno_loop,base_depth8,p2_c2_r2_s2,lb_attnres_1_over_r,128,8,16,conv_temp,64,1,64,6,8,1333473,1333473,1332961,512,4,500,0.001,1,False,8,33546125952
pipe,paper_table8_on_release_model,linearno,base_depth8,independent_L8,native_residual,128,8,16,conv_temp,64,2,128,8,8,1782273,1782273,1782273,0,4,500,0.001,1,False,8,37908464256
pipe,paper_table8_on_release_model,linearno_loop,base_depth8,p1_c3_r2_s1,sr_1_over_r,128,8,16,conv_temp,64,2,128,5,8,1126737,1126737,1126737,0,4,500,0.001,1,False,8,37908464256
pipe,paper_table8_on_release_model,linearno_loop,base_depth8,p1_c3_r2_s1,rb_attnres,128,8,16,conv_temp,64,2,128,5,8,1130065,1130065,1126737,3328,4,500,0.001,1,False,8,37908464256
pipe,paper_table8_on_release_model,linearno_loop,base_depth8,p1_c3_r2_s1,lb_attnres_1_over_r,128,8,16,conv_temp,64,2,128,5,8,1127249,1127249,1126737,512,4,500,0.001,1,False,8,37908464256
pipe,paper_table8_on_release_model,linearno_loop,base_depth8,p2_c2_r2_s2,sr_1_over_r,128,8,16,conv_temp,64,2,128,6,8,1345249,1345249,1345249,0,4,500,0.001,1,False,8,37908464256
pipe,paper_table8_on_release_model,linearno_loop,base_depth8,p2_c2_r2_s2,rb_attnres,128,8,16,conv_temp,64,2,128,6,8,1347553,1347553,1345249,2304,4,500,0.001,1,False,8,37908464256
pipe,paper_table8_on_release_model,linearno_loop,base_depth8,p2_c2_r2_s2,lb_attnres_1_over_r,128,8,16,conv_temp,64,2,128,6,8,1345761,1345761,1345249,512,4,500,0.001,1,False,8,37908464256
pipe,paper_table8_on_release_model,linearno,depth_extension,independent_L16,native_residual,128,8,16,conv_temp,64,1,64,16,16,3497601,3497601,3497601,0,4,500,0.001,1,False,8,66536309376
pipe,paper_table8_on_release_model,linearno_loop,depth_extension,p1_c7_r2_s1,sr_1_over_r,128,8,16,conv_temp,64,1,64,9,16,1982353,1982353,1982353,0,4,500,0.001,1,False,8,66536309376
pipe,paper_table8_on_release_model,linearno_loop,depth_extension,p1_c7_r2_s1,rb_attnres,128,8,16,conv_temp,64,1,64,9,16,1989777,1989777,1982353,7424,4,500,0.001,1,False,8,66536309376
pipe,paper_table8_on_release_model,linearno_loop,depth_extension,p1_c7_r2_s1,lb_attnres_1_over_r,128,8,16,conv_temp,64,1,64,9,16,1982865,1982865,1982353,512,4,500,0.001,1,False,8,66536309376
pipe,paper_table8_on_release_model,linearno_loop,depth_extension,p2_c6_r2_s2,sr_1_over_r,128,8,16,conv_temp,64,1,64,10,16,2198817,2198817,2198817,0,4,500,0.001,1,False,8,66536309376
pipe,paper_table8_on_release_model,linearno_loop,depth_extension,p2_c6_r2_s2,rb_attnres,128,8,16,conv_temp,64,1,64,10,16,2205217,2205217,2198817,6400,4,500,0.001,1,False,8,66536309376
pipe,paper_table8_on_release_model,linearno_loop,depth_extension,p2_c6_r2_s2,lb_attnres_1_over_r,128,8,16,conv_temp,64,1,64,10,16,2199329,2199329,2198817,512,4,500,0.001,1,False,8,66536309376
pipe,paper_table8_on_release_model,linearno,depth_extension,independent_L16,native_residual,128,8,16,conv_temp,64,2,128,16,16,3530369,3530369,3530369,0,4,500,0.001,1,False,8,75260985984
pipe,paper_table8_on_release_model,linearno_loop,depth_extension,p1_c7_r2_s1,sr_1_over_r,128,8,16,conv_temp,64,2,128,9,16,2000785,2000785,2000785,0,4,500,0.001,1,False,8,75260985984
pipe,paper_table8_on_release_model,linearno_loop,depth_extension,p1_c7_r2_s1,rb_attnres,128,8,16,conv_temp,64,2,128,9,16,2008209,2008209,2000785,7424,4,500,0.001,1,False,8,75260985984
pipe,paper_table8_on_release_model,linearno_loop,depth_extension,p1_c7_r2_s1,lb_attnres_1_over_r,128,8,16,conv_temp,64,2,128,9,16,2001297,2001297,2000785,512,4,500,0.001,1,False,8,75260985984
pipe,paper_table8_on_release_model,linearno_loop,depth_extension,p2_c6_r2_s2,sr_1_over_r,128,8,16,conv_temp,64,2,128,10,16,2219297,2219297,2219297,0,4,500,0.001,1,False,8,75260985984
pipe,paper_table8_on_release_model,linearno_loop,depth_extension,p2_c6_r2_s2,rb_attnres,128,8,16,conv_temp,64,2,128,10,16,2225697,2225697,2219297,6400,4,500,0.001,1,False,8,75260985984
pipe,paper_table8_on_release_model,linearno_loop,depth_extension,p2_c6_r2_s2,lb_attnres_1_over_r,128,8,16,conv_temp,64,2,128,10,16,2219809,2219809,2219297,512,4,500,0.001,1,False,8,75260985984
pipe,paper_table8_on_release_model,linearno,depth_extension,independent_L24,native_residual,128,8,16,conv_temp,64,1,64,24,24,5229313,5229313,5229313,0,4,500,0.001,1,False,8,99526492800
pipe,paper_table8_on_release_model,linearno_loop,depth_extension,p1_c11_r2_s1,sr_1_over_r,128,8,16,conv_temp,64,1,64,13,24,2848209,2848209,2848209,0,4,500,0.001,1,False,8,99526492800
pipe,paper_table8_on_release_model,linearno_loop,depth_extension,p1_c11_r2_s1,rb_attnres,128,8,16,conv_temp,64,1,64,13,24,2859729,2859729,2848209,11520,4,500,0.001,1,False,8,99526492800
pipe,paper_table8_on_release_model,linearno_loop,depth_extension,p1_c11_r2_s1,lb_attnres_1_over_r,128,8,16,conv_temp,64,1,64,13,24,2848721,2848721,2848209,512,4,500,0.001,1,False,8,99526492800
pipe,paper_table8_on_release_model,linearno_loop,depth_extension,p2_c10_r2_s2,sr_1_over_r,128,8,16,conv_temp,64,1,64,14,24,3064673,3064673,3064673,0,4,500,0.001,1,False,8,99526492800
pipe,paper_table8_on_release_model,linearno_loop,depth_extension,p2_c10_r2_s2,rb_attnres,128,8,16,conv_temp,64,1,64,14,24,3075169,3075169,3064673,10496,4,500,0.001,1,False,8,99526492800
pipe,paper_table8_on_release_model,linearno_loop,depth_extension,p2_c10_r2_s2,lb_attnres_1_over_r,128,8,16,conv_temp,64,1,64,14,24,3065185,3065185,3064673,512,4,500,0.001,1,False,8,99526492800
pipe,paper_table8_on_release_model,linearno,depth_extension,independent_L24,native_residual,128,8,16,conv_temp,64,2,128,24,24,5278465,5278465,5278465,0,4,500,0.001,1,False,8,112613507712
pipe,paper_table8_on_release_model,linearno_loop,depth_extension,p1_c11_r2_s1,sr_1_over_r,128,8,16,conv_temp,64,2,128,13,24,2874833,2874833,2874833,0,4,500,0.001,1,False,8,112613507712
pipe,paper_table8_on_release_model,linearno_loop,depth_extension,p1_c11_r2_s1,rb_attnres,128,8,16,conv_temp,64,2,128,13,24,2886353,2886353,2874833,11520,4,500,0.001,1,False,8,112613507712
pipe,paper_table8_on_release_model,linearno_loop,depth_extension,p1_c11_r2_s1,lb_attnres_1_over_r,128,8,16,conv_temp,64,2,128,13,24,2875345,2875345,2874833,512,4,500,0.001,1,False,8,112613507712
pipe,paper_table8_on_release_model,linearno_loop,depth_extension,p2_c10_r2_s2,sr_1_over_r,128,8,16,conv_temp,64,2,128,14,24,3093345,3093345,3093345,0,4,500,0.001,1,False,8,112613507712
pipe,paper_table8_on_release_model,linearno_loop,depth_extension,p2_c10_r2_s2,rb_attnres,128,8,16,conv_temp,64,2,128,14,24,3103841,3103841,3093345,10496,4,500,0.001,1,False,8,112613507712
pipe,paper_table8_on_release_model,linearno_loop,depth_extension,p2_c10_r2_s2,lb_attnres_1_over_r,128,8,16,conv_temp,64,2,128,14,24,3093857,3093857,3093345,512,4,500,0.001,1,False,8,112613507712
pipe,paper_table8_on_release_model,linearno,depth_extension,independent_L32,native_residual,128,8,16,conv_temp,64,1,64,32,32,6961025,6961025,6961025,0,4,500,0.001,1,False,8,132516676224
pipe,paper_table8_on_release_model,linearno_loop,depth_extension,p1_c15_r2_s1,sr_1_over_r,128,8,16,conv_temp,64,1,64,17,32,3714065,3714065,3714065,0,4,500,0.001,1,False,8,132516676224
pipe,paper_table8_on_release_model,linearno_loop,depth_extension,p1_c15_r2_s1,rb_attnres,128,8,16,conv_temp,64,1,64,17,32,3729681,3729681,3714065,15616,4,500,0.001,1,False,8,132516676224
pipe,paper_table8_on_release_model,linearno_loop,depth_extension,p1_c15_r2_s1,lb_attnres_1_over_r,128,8,16,conv_temp,64,1,64,17,32,3714577,3714577,3714065,512,4,500,0.001,1,False,8,132516676224
pipe,paper_table8_on_release_model,linearno_loop,depth_extension,p2_c14_r2_s2,sr_1_over_r,128,8,16,conv_temp,64,1,64,18,32,3930529,3930529,3930529,0,4,500,0.001,1,False,8,132516676224
pipe,paper_table8_on_release_model,linearno_loop,depth_extension,p2_c14_r2_s2,rb_attnres,128,8,16,conv_temp,64,1,64,18,32,3945121,3945121,3930529,14592,4,500,0.001,1,False,8,132516676224
pipe,paper_table8_on_release_model,linearno_loop,depth_extension,p2_c14_r2_s2,lb_attnres_1_over_r,128,8,16,conv_temp,64,1,64,18,32,3931041,3931041,3930529,512,4,500,0.001,1,False,8,132516676224
pipe,paper_table8_on_release_model,linearno,depth_extension,independent_L32,native_residual,128,8,16,conv_temp,64,2,128,32,32,7026561,7026561,7026561,0,4,500,0.001,1,False,8,149966029440
pipe,paper_table8_on_release_model,linearno_loop,depth_extension,p1_c15_r2_s1,sr_1_over_r,128,8,16,conv_temp,64,2,128,17,32,3748881,3748881,3748881,0,4,500,0.001,1,False,8,149966029440
pipe,paper_table8_on_release_model,linearno_loop,depth_extension,p1_c15_r2_s1,rb_attnres,128,8,16,conv_temp,64,2,128,17,32,3764497,3764497,3748881,15616,4,500,0.001,1,False,8,149966029440
pipe,paper_table8_on_release_model,linearno_loop,depth_extension,p1_c15_r2_s1,lb_attnres_1_over_r,128,8,16,conv_temp,64,2,128,17,32,3749393,3749393,3748881,512,4,500,0.001,1,False,8,149966029440
pipe,paper_table8_on_release_model,linearno_loop,depth_extension,p2_c14_r2_s2,sr_1_over_r,128,8,16,conv_temp,64,2,128,18,32,3967393,3967393,3967393,0,4,500,0.001,1,False,8,149966029440
pipe,paper_table8_on_release_model,linearno_loop,depth_extension,p2_c14_r2_s2,rb_attnres,128,8,16,conv_temp,64,2,128,18,32,3981985,3981985,3967393,14592,4,500,0.001,1,False,8,149966029440
pipe,paper_table8_on_release_model,linearno_loop,depth_extension,p2_c14_r2_s2,lb_attnres_1_over_r,128,8,16,conv_temp,64,2,128,18,32,3967905,3967905,3967393,512,4,500,0.001,1,False,8,149966029440
pipe,paper_table8_on_release_model,linearno_loop,custom_topology_control,p0_c2_r3_s1,sr_1_over_r,128,8,16,conv_temp,64,1,64,3,7,683569,683569,683569,0,4,500,0.001,1,False,8,29422353024
pipe,paper_table8_on_release_model,linearno_loop,custom_topology_control,p0_c2_r3_s1,rb_attnres,128,8,16,conv_temp,64,1,64,3,7,686897,686897,683569,3328,4,500,0.001,1,False,8,29422353024
pipe,paper_table8_on_release_model,linearno_loop,custom_topology_control,p0_c2_r3_s1,lb_attnres_1_over_r,128,8,16,conv_temp,64,1,64,3,7,684337,684337,683569,768,4,500,0.001,1,False,8,29422353024
pipe,paper_table8_on_release_model,linearno_loop,custom_topology_control,p0_c2_r3_s1,sr_1_over_r,128,8,16,conv_temp,64,2,128,3,7,689713,689713,689713,0,4,500,0.001,1,False,8,33239399040
pipe,paper_table8_on_release_model,linearno_loop,custom_topology_control,p0_c2_r3_s1,rb_attnres,128,8,16,conv_temp,64,2,128,3,7,693041,693041,689713,3328,4,500,0.001,1,False,8,33239399040
pipe,paper_table8_on_release_model,linearno_loop,custom_topology_control,p0_c2_r3_s1,lb_attnres_1_over_r,128,8,16,conv_temp,64,2,128,3,7,690481,690481,689713,768,4,500,0.001,1,False,8,33239399040
pipe,official_release,linearno,base_depth8,independent_L8,native_residual,128,8,16,conv_temp,64,1,64,8,8,1765889,1765889,1765889,0,4,500,0.001,1,False,8,33546125952
pipe,official_release,linearno_loop,base_depth8,p1_c3_r2_s1,sr_1_over_r,128,8,16,conv_temp,64,1,64,5,8,1116497,1116497,1116497,0,4,500,0.001,1,False,8,33546125952
pipe,official_release,linearno_loop,base_depth8,p1_c3_r2_s1,rb_attnres,128,8,16,conv_temp,64,1,64,5,8,1119825,1119825,1116497,3328,4,500,0.001,1,False,8,33546125952
pipe,official_release,linearno_loop,base_depth8,p1_c3_r2_s1,lb_attnres_1_over_r,128,8,16,conv_temp,64,1,64,5,8,1117009,1117009,1116497,512,4,500,0.001,1,False,8,33546125952
pipe,official_release,linearno_loop,base_depth8,p2_c2_r2_s2,sr_1_over_r,128,8,16,conv_temp,64,1,64,6,8,1332961,1332961,1332961,0,4,500,0.001,1,False,8,33546125952
pipe,official_release,linearno_loop,base_depth8,p2_c2_r2_s2,rb_attnres,128,8,16,conv_temp,64,1,64,6,8,1335265,1335265,1332961,2304,4,500,0.001,1,False,8,33546125952
pipe,official_release,linearno_loop,base_depth8,p2_c2_r2_s2,lb_attnres_1_over_r,128,8,16,conv_temp,64,1,64,6,8,1333473,1333473,1332961,512,4,500,0.001,1,False,8,33546125952
pipe,official_release,linearno,base_depth8,independent_L8,native_residual,128,8,16,conv_temp,64,2,128,8,8,1782273,1782273,1782273,0,4,500,0.001,1,False,8,37908464256
pipe,official_release,linearno_loop,base_depth8,p1_c3_r2_s1,sr_1_over_r,128,8,16,conv_temp,64,2,128,5,8,1126737,1126737,1126737,0,4,500,0.001,1,False,8,37908464256
pipe,official_release,linearno_loop,base_depth8,p1_c3_r2_s1,rb_attnres,128,8,16,conv_temp,64,2,128,5,8,1130065,1130065,1126737,3328,4,500,0.001,1,False,8,37908464256
pipe,official_release,linearno_loop,base_depth8,p1_c3_r2_s1,lb_attnres_1_over_r,128,8,16,conv_temp,64,2,128,5,8,1127249,1127249,1126737,512,4,500,0.001,1,False,8,37908464256
pipe,official_release,linearno_loop,base_depth8,p2_c2_r2_s2,sr_1_over_r,128,8,16,conv_temp,64,2,128,6,8,1345249,1345249,1345249,0,4,500,0.001,1,False,8,37908464256
pipe,official_release,linearno_loop,base_depth8,p2_c2_r2_s2,rb_attnres,128,8,16,conv_temp,64,2,128,6,8,1347553,1347553,1345249,2304,4,500,0.001,1,False,8,37908464256
pipe,official_release,linearno_loop,base_depth8,p2_c2_r2_s2,lb_attnres_1_over_r,128,8,16,conv_temp,64,2,128,6,8,1345761,1345761,1345249,512,4,500,0.001,1,False,8,37908464256
pipe,transolver_matched,linearno,base_depth8,independent_L8,native_residual,128,8,16,conv_temp,64,1,64,8,8,2029057,2029057,2029057,0,8,500,0.001,2,False,8,37908464256
pipe,transolver_matched,linearno_loop,base_depth8,p1_c3_r2_s1,sr_1_over_r,128,8,16,conv_temp,64,1,64,5,8,1280977,1280977,1280977,0,8,500,0.001,2,False,8,37908464256
pipe,transolver_matched,linearno_loop,base_depth8,p1_c3_r2_s1,rb_attnres,128,8,16,conv_temp,64,1,64,5,8,1284305,1284305,1280977,3328,8,500,0.001,2,False,8,37908464256
pipe,transolver_matched,linearno_loop,base_depth8,p1_c3_r2_s1,lb_attnres_1_over_r,128,8,16,conv_temp,64,1,64,5,8,1281489,1281489,1280977,512,8,500,0.001,2,False,8,37908464256
pipe,transolver_matched,linearno_loop,base_depth8,p2_c2_r2_s2,sr_1_over_r,128,8,16,conv_temp,64,1,64,6,8,1530337,1530337,1530337,0,8,500,0.001,2,False,8,37908464256
pipe,transolver_matched,linearno_loop,base_depth8,p2_c2_r2_s2,rb_attnres,128,8,16,conv_temp,64,1,64,6,8,1532641,1532641,1530337,2304,8,500,0.001,2,False,8,37908464256
pipe,transolver_matched,linearno_loop,base_depth8,p2_c2_r2_s2,lb_attnres_1_over_r,128,8,16,conv_temp,64,1,64,6,8,1530849,1530849,1530337,512,8,500,0.001,2,False,8,37908464256
pipe,transolver_matched,linearno,base_depth8,independent_L8,native_residual,128,8,16,conv_temp,64,2,128,8,8,2045441,2045441,2045441,0,8,500,0.001,2,False,8,42270802560
pipe,transolver_matched,linearno_loop,base_depth8,p1_c3_r2_s1,sr_1_over_r,128,8,16,conv_temp,64,2,128,5,8,1291217,1291217,1291217,0,8,500,0.001,2,False,8,42270802560
pipe,transolver_matched,linearno_loop,base_depth8,p1_c3_r2_s1,rb_attnres,128,8,16,conv_temp,64,2,128,5,8,1294545,1294545,1291217,3328,8,500,0.001,2,False,8,42270802560
pipe,transolver_matched,linearno_loop,base_depth8,p1_c3_r2_s1,lb_attnres_1_over_r,128,8,16,conv_temp,64,2,128,5,8,1291729,1291729,1291217,512,8,500,0.001,2,False,8,42270802560
pipe,transolver_matched,linearno_loop,base_depth8,p2_c2_r2_s2,sr_1_over_r,128,8,16,conv_temp,64,2,128,6,8,1542625,1542625,1542625,0,8,500,0.001,2,False,8,42270802560
pipe,transolver_matched,linearno_loop,base_depth8,p2_c2_r2_s2,rb_attnres,128,8,16,conv_temp,64,2,128,6,8,1544929,1544929,1542625,2304,8,500,0.001,2,False,8,42270802560
pipe,transolver_matched,linearno_loop,base_depth8,p2_c2_r2_s2,lb_attnres_1_over_r,128,8,16,conv_temp,64,2,128,6,8,1543137,1543137,1542625,512,8,500,0.001,2,False,8,42270802560
pipe,transolver_original,transolver,base_depth8,independent_L8,native_residual,128,8,16,Physics_Attention_Structured_Mesh_2D,64,1,64,8,8,3073985,3073985,3073985,0,8,500,0.001,2,False,8,54006121088
pipe,transolver_original,transolver,base_depth8,independent_L8,native_residual,128,8,16,Physics_Attention_Structured_Mesh_2D,64,2,128,8,8,3082689,3082689,3082689,0,8,500,0.001,2,False,8,57306186368
pipe,transolver_original,transolver,depth_extension,independent_L16,native_residual,128,8,16,Physics_Attention_Structured_Mesh_2D,64,1,64,16,16,6113793,6113793,6113793,0,8,500,0.001,2,False,8,107456299648
pipe,transolver_original,transolver,depth_extension,independent_L16,native_residual,128,8,16,Physics_Attention_Structured_Mesh_2D,64,2,128,16,16,6131201,6131201,6131201,0,8,500,0.001,2,False,8,114056430208
pipe,transolver_original,transolver,depth_extension,independent_L24,native_residual,128,8,16,Physics_Attention_Structured_Mesh_2D,64,1,64,24,24,9153601,9153601,9153601,0,8,500,0.001,2,False,8,160906478208
pipe,transolver_original,transolver,depth_extension,independent_L24,native_residual,128,8,16,Physics_Attention_Structured_Mesh_2D,64,2,128,24,24,9179713,9179713,9179713,0,8,500,0.001,2,False,8,170806674048
pipe,transolver_original,transolver,depth_extension,independent_L32,native_residual,128,8,16,Physics_Attention_Structured_Mesh_2D,64,1,64,32,32,12193409,12193409,12193409,0,8,500,0.001,2,False,8,214356656768
pipe,transolver_original,transolver,depth_extension,independent_L32,native_residual,128,8,16,Physics_Attention_Structured_Mesh_2D,64,2,128,32,32,12228225,12228225,12228225,0,8,500,0.001,2,False,8,227556917888
ns,paper_table8_on_release_model,linearno,base_depth8,independent_L8,native_residual,256,8,32,plain,32,1,32,8,8,3377921,3377921,3377921,0,2,500,0.001,2,True,10,14995685376
ns,paper_table8_on_release_model,linearno_loop,base_depth8,p1_c3_r2_s1,sr_1_over_r,256,8,32,plain,32,1,32,5,8,2182145,2182145,2182145,0,2,500,0.001,2,True,10,14995685376
ns,paper_table8_on_release_model,linearno_loop,base_depth8,p1_c3_r2_s1,rb_attnres,256,8,32,plain,32,1,32,5,8,2188801,2188801,2182145,6656,2,500,0.001,2,True,10,14995685376
ns,paper_table8_on_release_model,linearno_loop,base_depth8,p1_c3_r2_s1,lb_attnres_1_over_r,256,8,32,plain,32,1,32,5,8,2183169,2183169,2182145,1024,2,500,0.001,2,True,10,14995685376
ns,paper_table8_on_release_model,linearno_loop,base_depth8,p2_c2_r2_s2,sr_1_over_r,256,8,32,plain,32,1,32,6,8,2580737,2580737,2580737,0,2,500,0.001,2,True,10,14995685376
ns,paper_table8_on_release_model,linearno_loop,base_depth8,p2_c2_r2_s2,rb_attnres,256,8,32,plain,32,1,32,6,8,2585345,2585345,2580737,4608,2,500,0.001,2,True,10,14995685376
ns,paper_table8_on_release_model,linearno_loop,base_depth8,p2_c2_r2_s2,lb_attnres_1_over_r,256,8,32,plain,32,1,32,6,8,2581761,2581761,2580737,1024,2,500,0.001,2,True,10,14995685376
ns,paper_table8_on_release_model,linearno,base_depth8,independent_L8,native_residual,256,8,32,plain,32,2,64,8,8,3394305,3394305,3394305,0,2,500,0.001,2,True,10,16069427200
ns,paper_table8_on_release_model,linearno_loop,base_depth8,p1_c3_r2_s1,sr_1_over_r,256,8,32,plain,32,2,64,5,8,2192385,2192385,2192385,0,2,500,0.001,2,True,10,16069427200
ns,paper_table8_on_release_model,linearno_loop,base_depth8,p1_c3_r2_s1,rb_attnres,256,8,32,plain,32,2,64,5,8,2199041,2199041,2192385,6656,2,500,0.001,2,True,10,16069427200
ns,paper_table8_on_release_model,linearno_loop,base_depth8,p1_c3_r2_s1,lb_attnres_1_over_r,256,8,32,plain,32,2,64,5,8,2193409,2193409,2192385,1024,2,500,0.001,2,True,10,16069427200
ns,paper_table8_on_release_model,linearno_loop,base_depth8,p2_c2_r2_s2,sr_1_over_r,256,8,32,plain,32,2,64,6,8,2593025,2593025,2593025,0,2,500,0.001,2,True,10,16069427200
ns,paper_table8_on_release_model,linearno_loop,base_depth8,p2_c2_r2_s2,rb_attnres,256,8,32,plain,32,2,64,6,8,2597633,2597633,2593025,4608,2,500,0.001,2,True,10,16069427200
ns,paper_table8_on_release_model,linearno_loop,base_depth8,p2_c2_r2_s2,lb_attnres_1_over_r,256,8,32,plain,32,2,64,6,8,2594049,2594049,2593025,1024,2,500,0.001,2,True,10,16069427200
ns,paper_table8_on_release_model,linearno_loop,custom_topology_control,p0_c2_r3_s1,sr_1_over_r,256,8,32,plain,32,1,32,3,7,1384961,1384961,1384961,0,2,500,0.001,2,True,10,13217300480
ns,paper_table8_on_release_model,linearno_loop,custom_topology_control,p0_c2_r3_s1,rb_attnres,256,8,32,plain,32,1,32,3,7,1391617,1391617,1384961,6656,2,500,0.001,2,True,10,13217300480
ns,paper_table8_on_release_model,linearno_loop,custom_topology_control,p0_c2_r3_s1,lb_attnres_1_over_r,256,8,32,plain,32,1,32,3,7,1386497,1386497,1384961,1536,2,500,0.001,2,True,10,13217300480
ns,paper_table8_on_release_model,linearno_loop,custom_topology_control,p0_c2_r3_s1,sr_1_over_r,256,8,32,plain,32,2,64,3,7,1391105,1391105,1391105,0,2,500,0.001,2,True,10,14156824576
ns,paper_table8_on_release_model,linearno_loop,custom_topology_control,p0_c2_r3_s1,rb_attnres,256,8,32,plain,32,2,64,3,7,1397761,1397761,1391105,6656,2,500,0.001,2,True,10,14156824576
ns,paper_table8_on_release_model,linearno_loop,custom_topology_control,p0_c2_r3_s1,lb_attnres_1_over_r,256,8,32,plain,32,2,64,3,7,1392641,1392641,1391105,1536,2,500,0.001,2,True,10,14156824576
ns,official_release,linearno,base_depth8,independent_L8,native_residual,256,8,32,plain,32,1,32,8,8,3377921,3377921,3377921,0,2,500,0.001,2,True,10,14995685376
ns,official_release,linearno_loop,base_depth8,p1_c3_r2_s1,sr_1_over_r,256,8,32,plain,32,1,32,5,8,2182145,2182145,2182145,0,2,500,0.001,2,True,10,14995685376
ns,official_release,linearno_loop,base_depth8,p1_c3_r2_s1,rb_attnres,256,8,32,plain,32,1,32,5,8,2188801,2188801,2182145,6656,2,500,0.001,2,True,10,14995685376
ns,official_release,linearno_loop,base_depth8,p1_c3_r2_s1,lb_attnres_1_over_r,256,8,32,plain,32,1,32,5,8,2183169,2183169,2182145,1024,2,500,0.001,2,True,10,14995685376
ns,official_release,linearno_loop,base_depth8,p2_c2_r2_s2,sr_1_over_r,256,8,32,plain,32,1,32,6,8,2580737,2580737,2580737,0,2,500,0.001,2,True,10,14995685376
ns,official_release,linearno_loop,base_depth8,p2_c2_r2_s2,rb_attnres,256,8,32,plain,32,1,32,6,8,2585345,2585345,2580737,4608,2,500,0.001,2,True,10,14995685376
ns,official_release,linearno_loop,base_depth8,p2_c2_r2_s2,lb_attnres_1_over_r,256,8,32,plain,32,1,32,6,8,2581761,2581761,2580737,1024,2,500,0.001,2,True,10,14995685376
ns,official_release,linearno,base_depth8,independent_L8,native_residual,256,8,32,plain,32,2,64,8,8,3394305,3394305,3394305,0,2,500,0.001,2,True,10,16069427200
ns,official_release,linearno_loop,base_depth8,p1_c3_r2_s1,sr_1_over_r,256,8,32,plain,32,2,64,5,8,2192385,2192385,2192385,0,2,500,0.001,2,True,10,16069427200
ns,official_release,linearno_loop,base_depth8,p1_c3_r2_s1,rb_attnres,256,8,32,plain,32,2,64,5,8,2199041,2199041,2192385,6656,2,500,0.001,2,True,10,16069427200
ns,official_release,linearno_loop,base_depth8,p1_c3_r2_s1,lb_attnres_1_over_r,256,8,32,plain,32,2,64,5,8,2193409,2193409,2192385,1024,2,500,0.001,2,True,10,16069427200
ns,official_release,linearno_loop,base_depth8,p2_c2_r2_s2,sr_1_over_r,256,8,32,plain,32,2,64,6,8,2593025,2593025,2593025,0,2,500,0.001,2,True,10,16069427200
ns,official_release,linearno_loop,base_depth8,p2_c2_r2_s2,rb_attnres,256,8,32,plain,32,2,64,6,8,2597633,2597633,2593025,4608,2,500,0.001,2,True,10,16069427200
ns,official_release,linearno_loop,base_depth8,p2_c2_r2_s2,lb_attnres_1_over_r,256,8,32,plain,32,2,64,6,8,2594049,2594049,2593025,1024,2,500,0.001,2,True,10,16069427200
ns,transolver_matched,linearno,base_depth8,independent_L8,native_residual,256,8,32,plain,32,1,32,8,8,2308865,2308865,2308865,0,2,500,0.001,1,True,8,10625220608
ns,transolver_matched,linearno_loop,base_depth8,p1_c3_r2_s1,sr_1_over_r,256,8,32,plain,32,1,32,5,8,1507073,1507073,1507073,0,2,500,0.001,1,True,8,10625220608
ns,transolver_matched,linearno_loop,base_depth8,p1_c3_r2_s1,rb_attnres,256,8,32,plain,32,1,32,5,8,1513729,1513729,1507073,6656,2,500,0.001,1,True,8,10625220608
ns,transolver_matched,linearno_loop,base_depth8,p1_c3_r2_s1,lb_attnres_1_over_r,256,8,32,plain,32,1,32,5,8,1508097,1508097,1507073,1024,2,500,0.001,1,True,8,10625220608
ns,transolver_matched,linearno_loop,base_depth8,p2_c2_r2_s2,sr_1_over_r,256,8,32,plain,32,1,32,6,8,1774337,1774337,1774337,0,2,500,0.001,1,True,8,10625220608
ns,transolver_matched,linearno_loop,base_depth8,p2_c2_r2_s2,rb_attnres,256,8,32,plain,32,1,32,6,8,1778945,1778945,1774337,4608,2,500,0.001,1,True,8,10625220608
ns,transolver_matched,linearno_loop,base_depth8,p2_c2_r2_s2,lb_attnres_1_over_r,256,8,32,plain,32,1,32,6,8,1775361,1775361,1774337,1024,2,500,0.001,1,True,8,10625220608
ns,transolver_matched,linearno,base_depth8,independent_L8,native_residual,256,8,32,plain,32,2,64,8,8,2325249,2325249,2325249,0,2,500,0.001,1,True,8,11698962432
ns,transolver_matched,linearno_loop,base_depth8,p1_c3_r2_s1,sr_1_over_r,256,8,32,plain,32,2,64,5,8,1517313,1517313,1517313,0,2,500,0.001,1,True,8,11698962432
ns,transolver_matched,linearno_loop,base_depth8,p1_c3_r2_s1,rb_attnres,256,8,32,plain,32,2,64,5,8,1523969,1523969,1517313,6656,2,500,0.001,1,True,8,11698962432
ns,transolver_matched,linearno_loop,base_depth8,p1_c3_r2_s1,lb_attnres_1_over_r,256,8,32,plain,32,2,64,5,8,1518337,1518337,1517313,1024,2,500,0.001,1,True,8,11698962432
ns,transolver_matched,linearno_loop,base_depth8,p2_c2_r2_s2,sr_1_over_r,256,8,32,plain,32,2,64,6,8,1786625,1786625,1786625,0,2,500,0.001,1,True,8,11698962432
ns,transolver_matched,linearno_loop,base_depth8,p2_c2_r2_s2,rb_attnres,256,8,32,plain,32,2,64,6,8,1791233,1791233,1786625,4608,2,500,0.001,1,True,8,11698962432
ns,transolver_matched,linearno_loop,base_depth8,p2_c2_r2_s2,lb_attnres_1_over_r,256,8,32,plain,32,2,64,6,8,1787649,1787649,1786625,1024,2,500,0.001,1,True,8,11698962432
ns,transolver_original,transolver,base_depth8,independent_L8,native_residual,256,8,32,Physics_Attention_Structured_Mesh_2D,32,1,32,8,8,11232321,11232321,11232321,0,2,500,0.001,1,True,8,46606057472
ns,transolver_original,transolver,base_depth8,independent_L8,native_residual,256,8,32,Physics_Attention_Structured_Mesh_2D,32,2,64,8,8,11240769,11240769,11240769,0,2,500,0.001,1,True,8,47430238208
plasticity,paper_table8_on_release_model,linearno,base_depth8,independent_L8,native_residual,128,8,16,conv,64,1,64,8,8,1799428,1799428,1799428,0,8,500,0.001,1,False,8,6416295680
plasticity,paper_table8_on_release_model,linearno_loop,base_depth8,p1_c3_r2_s1,sr_1_over_r,128,8,16,conv,64,1,64,5,8,1150084,1150084,1150084,0,8,500,0.001,1,False,8,6416295680
plasticity,paper_table8_on_release_model,linearno_loop,base_depth8,p1_c3_r2_s1,rb_attnres,128,8,16,conv,64,1,64,5,8,1153412,1153412,1150084,3328,8,500,0.001,1,False,8,6416295680
plasticity,paper_table8_on_release_model,linearno_loop,base_depth8,p1_c3_r2_s1,lb_attnres_1_over_r,128,8,16,conv,64,1,64,5,8,1150596,1150596,1150084,512,8,500,0.001,1,False,8,6416295680
plasticity,paper_table8_on_release_model,linearno_loop,base_depth8,p2_c2_r2_s2,sr_1_over_r,128,8,16,conv,64,1,64,6,8,1366532,1366532,1366532,0,8,500,0.001,1,False,8,6416295680
plasticity,paper_table8_on_release_model,linearno_loop,base_depth8,p2_c2_r2_s2,rb_attnres,128,8,16,conv,64,1,64,6,8,1368836,1368836,1366532,2304,8,500,0.001,1,False,8,6416295680
plasticity,paper_table8_on_release_model,linearno_loop,base_depth8,p2_c2_r2_s2,lb_attnres_1_over_r,128,8,16,conv,64,1,64,6,8,1367044,1367044,1366532,512,8,500,0.001,1,False,8,6416295680
plasticity,paper_table8_on_release_model,linearno,base_depth8,independent_L8,native_residual,128,8,16,conv,64,2,128,8,8,1815812,1815812,1815812,0,8,500,0.001,1,False,8,7237068544
plasticity,paper_table8_on_release_model,linearno_loop,base_depth8,p1_c3_r2_s1,sr_1_over_r,128,8,16,conv,64,2,128,5,8,1160324,1160324,1160324,0,8,500,0.001,1,False,8,7237068544
plasticity,paper_table8_on_release_model,linearno_loop,base_depth8,p1_c3_r2_s1,rb_attnres,128,8,16,conv,64,2,128,5,8,1163652,1163652,1160324,3328,8,500,0.001,1,False,8,7237068544
plasticity,paper_table8_on_release_model,linearno_loop,base_depth8,p1_c3_r2_s1,lb_attnres_1_over_r,128,8,16,conv,64,2,128,5,8,1160836,1160836,1160324,512,8,500,0.001,1,False,8,7237068544
plasticity,paper_table8_on_release_model,linearno_loop,base_depth8,p2_c2_r2_s2,sr_1_over_r,128,8,16,conv,64,2,128,6,8,1378820,1378820,1378820,0,8,500,0.001,1,False,8,7237068544
plasticity,paper_table8_on_release_model,linearno_loop,base_depth8,p2_c2_r2_s2,rb_attnres,128,8,16,conv,64,2,128,6,8,1381124,1381124,1378820,2304,8,500,0.001,1,False,8,7237068544
plasticity,paper_table8_on_release_model,linearno_loop,base_depth8,p2_c2_r2_s2,lb_attnres_1_over_r,128,8,16,conv,64,2,128,6,8,1379332,1379332,1378820,512,8,500,0.001,1,False,8,7237068544
plasticity,paper_table8_on_release_model,linearno_loop,custom_topology_control,p0_c2_r3_s1,sr_1_over_r,128,8,16,conv,64,1,64,3,7,717188,717188,717188,0,8,500,0.001,1,False,8,5640408832
plasticity,paper_table8_on_release_model,linearno_loop,custom_topology_control,p0_c2_r3_s1,rb_attnres,128,8,16,conv,64,1,64,3,7,720516,720516,717188,3328,8,500,0.001,1,False,8,5640408832
plasticity,paper_table8_on_release_model,linearno_loop,custom_topology_control,p0_c2_r3_s1,lb_attnres_1_over_r,128,8,16,conv,64,1,64,3,7,717956,717956,717188,768,8,500,0.001,1,False,8,5640408832
plasticity,paper_table8_on_release_model,linearno_loop,custom_topology_control,p0_c2_r3_s1,sr_1_over_r,128,8,16,conv,64,2,128,3,7,723332,723332,723332,0,8,500,0.001,1,False,8,6358585088
plasticity,paper_table8_on_release_model,linearno_loop,custom_topology_control,p0_c2_r3_s1,rb_attnres,128,8,16,conv,64,2,128,3,7,726660,726660,723332,3328,8,500,0.001,1,False,8,6358585088
plasticity,paper_table8_on_release_model,linearno_loop,custom_topology_control,p0_c2_r3_s1,lb_attnres_1_over_r,128,8,16,conv,64,2,128,3,7,724100,724100,723332,768,8,500,0.001,1,False,8,6358585088
plasticity,official_release,linearno,base_depth8,independent_L8,native_residual,128,8,16,conv,64,1,64,8,8,1799428,1799428,1799428,0,8,500,0.001,1,False,8,6416295680
plasticity,official_release,linearno_loop,base_depth8,p1_c3_r2_s1,sr_1_over_r,128,8,16,conv,64,1,64,5,8,1150084,1150084,1150084,0,8,500,0.001,1,False,8,6416295680
plasticity,official_release,linearno_loop,base_depth8,p1_c3_r2_s1,rb_attnres,128,8,16,conv,64,1,64,5,8,1153412,1153412,1150084,3328,8,500,0.001,1,False,8,6416295680
plasticity,official_release,linearno_loop,base_depth8,p1_c3_r2_s1,lb_attnres_1_over_r,128,8,16,conv,64,1,64,5,8,1150596,1150596,1150084,512,8,500,0.001,1,False,8,6416295680
plasticity,official_release,linearno_loop,base_depth8,p2_c2_r2_s2,sr_1_over_r,128,8,16,conv,64,1,64,6,8,1366532,1366532,1366532,0,8,500,0.001,1,False,8,6416295680
plasticity,official_release,linearno_loop,base_depth8,p2_c2_r2_s2,rb_attnres,128,8,16,conv,64,1,64,6,8,1368836,1368836,1366532,2304,8,500,0.001,1,False,8,6416295680
plasticity,official_release,linearno_loop,base_depth8,p2_c2_r2_s2,lb_attnres_1_over_r,128,8,16,conv,64,1,64,6,8,1367044,1367044,1366532,512,8,500,0.001,1,False,8,6416295680
plasticity,official_release,linearno,base_depth8,independent_L8,native_residual,128,8,16,conv,64,2,128,8,8,1815812,1815812,1815812,0,8,500,0.001,1,False,8,7237068544
plasticity,official_release,linearno_loop,base_depth8,p1_c3_r2_s1,sr_1_over_r,128,8,16,conv,64,2,128,5,8,1160324,1160324,1160324,0,8,500,0.001,1,False,8,7237068544
plasticity,official_release,linearno_loop,base_depth8,p1_c3_r2_s1,rb_attnres,128,8,16,conv,64,2,128,5,8,1163652,1163652,1160324,3328,8,500,0.001,1,False,8,7237068544
plasticity,official_release,linearno_loop,base_depth8,p1_c3_r2_s1,lb_attnres_1_over_r,128,8,16,conv,64,2,128,5,8,1160836,1160836,1160324,512,8,500,0.001,1,False,8,7237068544
plasticity,official_release,linearno_loop,base_depth8,p2_c2_r2_s2,sr_1_over_r,128,8,16,conv,64,2,128,6,8,1378820,1378820,1378820,0,8,500,0.001,1,False,8,7237068544
plasticity,official_release,linearno_loop,base_depth8,p2_c2_r2_s2,rb_attnres,128,8,16,conv,64,2,128,6,8,1381124,1381124,1378820,2304,8,500,0.001,1,False,8,7237068544
plasticity,official_release,linearno_loop,base_depth8,p2_c2_r2_s2,lb_attnres_1_over_r,128,8,16,conv,64,2,128,6,8,1379332,1379332,1378820,512,8,500,0.001,1,False,8,7237068544
plasticity,transolver_matched,linearno,base_depth8,independent_L8,native_residual,128,8,16,conv,64,1,64,8,8,1799428,1799428,1799428,0,8,500,0.001,1,False,8,6416295680
plasticity,transolver_matched,linearno_loop,base_depth8,p1_c3_r2_s1,sr_1_over_r,128,8,16,conv,64,1,64,5,8,1150084,1150084,1150084,0,8,500,0.001,1,False,8,6416295680
plasticity,transolver_matched,linearno_loop,base_depth8,p1_c3_r2_s1,rb_attnres,128,8,16,conv,64,1,64,5,8,1153412,1153412,1150084,3328,8,500,0.001,1,False,8,6416295680
plasticity,transolver_matched,linearno_loop,base_depth8,p1_c3_r2_s1,lb_attnres_1_over_r,128,8,16,conv,64,1,64,5,8,1150596,1150596,1150084,512,8,500,0.001,1,False,8,6416295680
plasticity,transolver_matched,linearno_loop,base_depth8,p2_c2_r2_s2,sr_1_over_r,128,8,16,conv,64,1,64,6,8,1366532,1366532,1366532,0,8,500,0.001,1,False,8,6416295680
plasticity,transolver_matched,linearno_loop,base_depth8,p2_c2_r2_s2,rb_attnres,128,8,16,conv,64,1,64,6,8,1368836,1368836,1366532,2304,8,500,0.001,1,False,8,6416295680
plasticity,transolver_matched,linearno_loop,base_depth8,p2_c2_r2_s2,lb_attnres_1_over_r,128,8,16,conv,64,1,64,6,8,1367044,1367044,1366532,512,8,500,0.001,1,False,8,6416295680
plasticity,transolver_matched,linearno,base_depth8,independent_L8,native_residual,128,8,16,conv,64,2,128,8,8,1815812,1815812,1815812,0,8,500,0.001,1,False,8,7237068544
plasticity,transolver_matched,linearno_loop,base_depth8,p1_c3_r2_s1,sr_1_over_r,128,8,16,conv,64,2,128,5,8,1160324,1160324,1160324,0,8,500,0.001,1,False,8,7237068544
plasticity,transolver_matched,linearno_loop,base_depth8,p1_c3_r2_s1,rb_attnres,128,8,16,conv,64,2,128,5,8,1163652,1163652,1160324,3328,8,500,0.001,1,False,8,7237068544
plasticity,transolver_matched,linearno_loop,base_depth8,p1_c3_r2_s1,lb_attnres_1_over_r,128,8,16,conv,64,2,128,5,8,1160836,1160836,1160324,512,8,500,0.001,1,False,8,7237068544
plasticity,transolver_matched,linearno_loop,base_depth8,p2_c2_r2_s2,sr_1_over_r,128,8,16,conv,64,2,128,6,8,1378820,1378820,1378820,0,8,500,0.001,1,False,8,7237068544
plasticity,transolver_matched,linearno_loop,base_depth8,p2_c2_r2_s2,rb_attnres,128,8,16,conv,64,2,128,6,8,1381124,1381124,1378820,2304,8,500,0.001,1,False,8,7237068544
plasticity,transolver_matched,linearno_loop,base_depth8,p2_c2_r2_s2,lb_attnres_1_over_r,128,8,16,conv,64,2,128,6,8,1379332,1379332,1378820,512,8,500,0.001,1,False,8,7237068544
plasticity,transolver_original,transolver,base_depth8,independent_L8,native_residual,128,8,16,Physics_Attention_Structured_Mesh_2D,64,1,64,8,8,2844484,2844484,2844484,0,8,500,0.001,1,False,8,9454429952
plasticity,transolver_original,transolver,base_depth8,independent_L8,native_residual,128,8,16,Physics_Attention_Structured_Mesh_2D,64,2,128,8,8,2853188,2853188,2853188,0,8,500,0.001,1,False,8,10098321152
